Country Code,Year,Sex Ratio
AFG,2000,1.031766200762389
AGO,2000,4.788649706457925
ALB,2000,2.7045454545454546
ARE,2000,4.104166666666667
ARG,2000,4.438759689922481
ARM,2000,2.8214285714285716
ATG,2000,inf
AUS,2000,3.7416666666666667
AUT,2000,2.9693251533742333
AZE,2000,4.30188679245283
BDI,2000,2.515837104072398
BEL,2000,2.566287878787879
BEN,2000,3.057471264367816
BFA,2000,2.898710865561694
BGD,2000,3.0197974217311234
BGR,2000,2.9225589225589226
BHR,2000,5.571428571428571
BHS,2000,3.0
BIH,2000,3.656716417910448
BLR,2000,6.455268389662028
BLZ,2000,5.25
BOL,2000,2.293577981651376
BRA,2000,4.0346347607052895
BRB,2000,6.0
BRN,2000,5.0
BTN,2000,1.8571428571428572
BWA,2000,3.462857142857143
CAF,2000,3.58364312267658
CAN,2000,3.25968992248062
CHE,2000,2.632911392405063
CHL,2000,6.345132743362832
CHN,2000,1.1265172421529694
CIV,2000,4.746268656716418
CMR,2000,3.0436507936507935
COD,2000,4.295420974889217
COG,2000,2.663677130044843
COL,2000,3.1085714285714285
COM,2000,2.0
CPV,2000,4.6
CRI,2000,7.65625
CUB,2000,2.533199195171026
CYP,2000,2.0
CZE,2000,4.189591078066915
DEU,2000,3.152572706935123
DJI,2000,2.2962962962962963
DNK,2000,2.884393063583815
DOM,2000,5.176470588235294
DZA,2000,1.7313432835820894
ECU,2000,2.3056603773584907
EGY,2000,1.7648970747562296
ESP,2000,3.3725806451612903
EST,2000,3.9027777777777777
ETH,2000,2.299542887873084
FIN,2000,3.0471014492753623
FJI,2000,1.9090909090909092
FRA,2000,2.7468305800998847
FSM,2000,3.4285714285714284
GAB,2000,4.413043478260869
GBR,2000,3.1683532658693654
GEO,2000,4.8936170212765955
GHA,2000,6.043321299638989
GIN,2000,1.8650519031141868
GMB,2000,2.127659574468085
GNB,2000,3.036363636363636
GNQ,2000,4.217391304347826
GRC,2000,3.8
GRD,2000,inf
GTM,2000,5.640495867768595
GUY,2000,3.962962962962963
HND,2000,4.638888888888889
HRV,2000,3.64375
HTI,2000,1.2851153039832286
HUN,2000,3.6859083191850592
IDN,2000,2.623704371338441
IND,2000,1.3010844069755583
IRL,2000,4.464285714285714
IRN,2000,1.772870662460568
IRQ,2000,2.154040404040404
ISL,2000,3.375
ISR,2000,3.831460674157303
ITA,2000,3.0226986128625475
JAM,2000,3.6666666666666665
JOR,2000,2.016949152542373
JPN,2000,2.69388413748588
KAZ,2000,5.82633371169126
KEN,2000,2.981060606060606
KGZ,2000,5.470588235294118
KHM,2000,1.7403846153846154
KIR,2000,5.2
KWT,2000,3.769230769230769
LAO,2000,1.6724137931034482
LBN,2000,1.5434782608695652
LBR,2000,1.625
LBY,2000,2.3176470588235296
LCA,2000,5.5
LKA,2000,2.949165402124431
LSO,2000,4.272189349112426
LTU,2000,4.63859649122807
LUX,2000,2.75
LVA,2000,4.925
MAR,2000,1.706540447504303
MDA,2000,6.71875
MDG,2000,2.5196687370600412
MDV,2000,3.6666666666666665
MEX,2000,6.048736462093863
MKD,2000,2.54
MLI,2000,1.4483627204030227
MLT,2000,3.8
MMR,2000,2.928115015974441
MNE,2000,2.8666666666666667
MNG,2000,3.658536585365854
MOZ,2000,3.7712177121771218
MRT,2000,1.646153846153846
MUS,2000,3.7241379310344827
MWI,2000,3.691983122362869
MYS,2000,3.045325779036827
NAM,2000,3.8773584905660377
NER,2000,1.845953002610966
NGA,2000,2.7315653298835705
NIC,2000,2.532608695652174
NLD,2000,2.1148325358851676
NOR,2000,3.210144927536232
NPL,2000,6.86053412462908
NZL,2000,4.5813953488372094
OMN,2000,6.45
PAK,2000,3.012990320937341
PAN,2000,6.913043478260869
PER,2000,1.9088050314465408
PHL,2000,3.227699530516432
PNG,2000,3.275
POL,2000,5.381621621621622
PRT,2000,4.205357142857143
PRY,2000,1.9696969696969697
QAT,2000,7.8
ROU,2000,5.023584905660377
RUS,2000,5.827688480673555
RWA,2000,2.647887323943662
SAU,2000,4.856060606060606
SDN,2000,1.8106617647058822
SEN,2000,3.336283185840708
SGP,2000,2.052287581699346
SLB,2000,17.0
SLE,2000,2.18
SLV,2000,2.894230769230769
SOM,2000,3.3
SRB,2000,2.764857881136951
SSD,2000,3.165289256198347
STP,2000,2.0
SUR,2000,3.2857142857142856
SVK,2000,4.815126050420168
SVN,2000,3.0703125
SWE,2000,2.232142857142857
SWZ,2000,2.908256880733945
SYC,2000,7.0
SYR,2000,3.643835616438356
TCD,2000,3.191950464396285
TGO,2000,3.0700934579439254
THA,2000,2.2541998231653406
TJK,2000,2.522222222222222
TKM,2000,5.019047619047619
TLS,2000,2.0714285714285716
TON,2000,1.5
TTO,2000,4.175
TUN,2000,2.032
TUR,2000,3.421311475409836
TZA,2000,2.9926686217008798
UGA,2000,4.350435624394966
UKR,2000,6.424798567591764
URY,2000,4.747126436781609
USA,2000,3.9799196787148596
UZB,2000,4.036974789915966
VCT,2000,inf
VEN,2000,6.692682926829268
VNM,2000,1.773117254528122
VUT,2000,3.7777777777777777
WSM,2000,3.142857142857143
YEM,2000,1.64349376114082
ZAF,2000,3.5805597579425115
ZMB,2000,2.4330708661417324
ZWE,2000,1.902552204176334
AFG,2001,1.0591073582629675
AGO,2001,4.826923076923077
ALB,2001,2.2444444444444445
ARE,2001,4.204081632653061
ARG,2001,4.151238591916558
ARM,2001,3.619047619047619
ATG,2001,inf
AUS,2001,3.5744234800838575
AUT,2001,3.0134228187919465
AZE,2001,3.967741935483871
BDI,2001,2.3967517401392113
BEL,2001,2.8519269776876266
BEN,2001,3.0892193308550184
BFA,2001,2.909426987060998
BGD,2001,2.9760536398467434
BGR,2001,3.1312741312741315
BHR,2001,5.777777777777778
BHS,2001,3.5
BIH,2001,3.6666666666666665
BLR,2001,6.6467065868263475
BLZ,2001,6.0
BOL,2001,2.291079812206573
BRA,2001,3.9726103968697597
BRB,2001,inf
BRN,2001,inf
BTN,2001,1.7333333333333334
BWA,2001,3.425287356321839
CAF,2001,3.62015503875969
CAN,2001,3.29757343550447
CHE,2001,2.4968152866242037
CHL,2001,6.165938864628821
CHN,2001,1.1963596744215856
CIV,2001,4.8312693498452015
CMR,2001,3.065051020408163
COD,2001,4.159717314487633
COG,2001,2.6831683168316833
COL,2001,3.230019493177388
COM,2001,1.8571428571428572
CPV,2001,4.6
CRI,2001,6.6
CUB,2001,2.6904761904761907
CYP,2001,2.3333333333333335
CZE,2001,4.4563492063492065
DEU,2001,3.2177676537585422
DJI,2001,2.259259259259259
DNK,2001,2.550802139037433
DOM,2001,5.0
DZA,2001,1.7196969696969697
ECU,2001,2.360424028268551
EGY,2001,1.804255319148936
ESP,2001,3.345360824742268
EST,2001,4.885245901639344
ETH,2001,2.2557572473584395
FIN,2001,3.5606694560669454
FJI,2001,2.0
FRA,2001,2.719140625
FSM,2001,3.2857142857142856
GAB,2001,4.260869565217392
GBR,2001,3.5407636738906088
GEO,2001,4.478260869565218
GHA,2001,6.122112211221122
GIN,2001,1.8779661016949152
GMB,2001,2.163265306122449
GNB,2001,3.036363636363636
GNQ,2001,4.181818181818182
GRC,2001,6.2368421052631575
GRD,2001,
GTM,2001,5.492481203007519
GUY,2001,4.155172413793103
HND,2001,4.621621621621622
HRV,2001,3.557823129251701
HTI,2001,1.2838983050847457
HUN,2001,3.908366533864542
IDN,2001,2.758056982718356
IND,2001,1.3207220431895592
IRL,2001,4.878048780487805
IRN,2001,1.7451612903225806
IRQ,2001,2.125
ISL,2001,3.375
ISR,2001,4.48
ITA,2001,3.2272108843537417
JAM,2001,3.5833333333333335
JOR,2001,2.0517241379310347
JPN,2001,2.685215946843854
KAZ,2001,5.733934611048478
KEN,2001,2.9936406995230525
KGZ,2001,5.778688524590164
KHM,2001,1.7507987220447285
KIR,2001,5.2
KWT,2001,3.5833333333333335
LAO,2001,1.7011494252873562
LBN,2001,1.565217391304348
LBR,2001,1.59375
LBY,2001,2.488095238095238
LCA,2001,5.5
LKA,2001,3.508421052631579
LSO,2001,4.220858895705521
LTU,2001,5.116666666666666
LUX,2001,2.8125
LVA,2001,5.066037735849057
MAR,2001,1.7480383609415868
MDA,2001,5.463414634146342
MDG,2001,2.512244897959184
MDV,2001,3.6666666666666665
MEX,2001,4.955244755244755
MKD,2001,4.833333333333333
MLI,2001,1.456575682382134
MLT,2001,2.25
MMR,2001,2.8538587848932675
MNE,2001,2.7586206896551726
MNG,2001,3.9152542372881354
MOZ,2001,3.87515299877601
MRT,2001,1.6615384615384616
MUS,2001,2.189189189189189
MWI,2001,3.7937219730941703
MYS,2001,3.121661721068249
NAM,2001,3.9611650485436893
NER,2001,1.880893300248139
NGA,2001,2.719678217821782
NIC,2001,2.813953488372093
NLD,2001,2.135593220338983
NOR,2001,2.953333333333333
NPL,2001,7.078616352201258
NZL,2001,3.0852713178294575
OMN,2001,6.7894736842105265
PAK,2001,2.9790090309982915
PAN,2001,6.346153846153846
PER,2001,2.0390070921985815
PHL,2001,3.2668539325842696
PNG,2001,2.978723404255319
POL,2001,6.430203045685279
PRT,2001,3.6666666666666665
PRY,2001,1.8955223880597014
QAT,2001,8.0
ROU,2001,5.794871794871795
RUS,2001,5.72869206598586
RWA,2001,2.589981447124304
SAU,2001,4.881481481481481
SDN,2001,1.879245283018868
SEN,2001,3.3293768545994067
SGP,2001,1.8461538461538463
SLB,2001,17.25
SLE,2001,2.128834355828221
SLV,2001,2.8461538461538463
SOM,2001,3.4505813953488373
SRB,2001,3.0205882352941176
SSD,2001,3.1333333333333333
STP,2001,2.0
SUR,2001,3.466666666666667
SVK,2001,5.419047619047619
SVN,2001,4.164948453608248
SWE,2001,2.364985163204748
SWZ,2001,2.869918699186992
SYC,2001,7.0
SYR,2001,3.8636363636363638
TCD,2001,3.2023809523809526
TGO,2001,3.08
THA,2001,2.4676333505955466
TJK,2001,2.3626373626373627
TKM,2001,4.862068965517241
TLS,2001,1.8125
TON,2001,1.5
TTO,2001,4.024390243902439
TUN,2001,2.015748031496063
TUR,2001,3.3390119250425894
TZA,2001,2.995308835027365
UGA,2001,4.403696498054475
UKR,2001,6.524137931034483
URY,2001,3.4752475247524752
USA,2001,4.004724940938238
UZB,2001,3.8146341463414632
VCT,2001,6.0
VEN,2001,6.4343891402714934
VNM,2001,1.8635917566241413
VUT,2001,3.7777777777777777
WSM,2001,3.142857142857143
YEM,2001,1.6291161178509532
ZAF,2001,3.5307384503455803
ZMB,2001,2.5131396957123098
ZWE,2001,2.090566037735849
AFG,2002,1.103080568720379
AGO,2002,4.4048865619546245
ALB,2002,2.2666666666666666
ARE,2002,4.319148936170213
ARG,2002,3.864864864864865
ARM,2002,4.5
ATG,2002,inf
AUS,2002,3.5055187637969096
AUT,2002,3.6222222222222222
AZE,2002,3.8805970149253732
BDI,2002,2.3286713286713288
BEL,2002,2.6142857142857143
BEN,2002,3.108303249097473
BFA,2002,2.9273743016759775
BGD,2002,2.7823225199811943
BGR,2002,3.4377682403433476
BHR,2002,5.6
BHS,2002,6.0
BIH,2002,3.753623188405797
BLR,2002,6.343511450381679
BLZ,2002,6.0
BOL,2002,2.248847926267281
BRA,2002,3.3849624060150374
BRB,2002,inf
BRN,2002,5.0
BTN,2002,1.8571428571428572
BWA,2002,3.3905325443786984
CAF,2002,3.5833333333333335
CAN,2002,3.2683870967741937
CHE,2002,2.257617728531856
CHL,2002,5.67965367965368
CHN,2002,1.3181707474319115
CIV,2002,4.835164835164835
CMR,2002,3.0652446675031366
COD,2002,4.182960893854749
COG,2002,2.5958549222797926
COL,2002,3.221294363256785
COM,2002,1.8571428571428572
CPV,2002,4.733333333333333
CRI,2002,6.365853658536586
CUB,2002,2.573170731707317
CYP,2002,2.3333333333333335
CZE,2002,4.215447154471545
DEU,2002,3.0319894829097285
DJI,2002,2.25
DNK,2002,2.7116564417177913
DOM,2002,4.487179487179487
DZA,2002,1.741811175337187
ECU,2002,2.445482866043614
EGY,2002,1.803757828810021
ESP,2002,3.2246835443037973
EST,2002,5.192982456140351
ETH,2002,2.2445166531275387
FIN,2002,3.1589958158995817
FJI,2002,1.8125
FRA,2002,2.6304185351270553
FSM,2002,3.6666666666666665
GAB,2002,4.3023255813953485
GBR,2002,3.282671829622459
GEO,2002,4.172413793103448
GHA,2002,6.2087227414330215
GIN,2002,1.903225806451613
GMB,2002,2.1153846153846154
GNB,2002,3.018181818181818
GNQ,2002,3.8636363636363638
GRC,2002,4.081632653061225
GRD,2002,inf
GTM,2002,5.125448028673835
GUY,2002,4.518518518518518
HND,2002,4.631578947368421
HRV,2002,3.279220779220779
HTI,2002,1.2717622080679405
HUN,2002,3.861855670103093
IDN,2002,2.710926694329184
IND,2002,1.3905231108553893
IRL,2002,4.329411764705882
IRN,2002,1.7341772151898733
IRQ,2002,2.126190476190476
ISL,2002,3.125
ISR,2002,3.172043010752688
ITA,2002,3.406515580736544
JAM,2002,3.727272727272727
JOR,2002,2.017857142857143
JPN,2002,2.765612058969687
KAZ,2002,5.393406593406594
KEN,2002,3.0662800331400164
KGZ,2002,5.141791044776119
KHM,2002,1.803921568627451
KIR,2002,5.2
KWT,2002,4.0
LAO,2002,1.7100591715976332
LBN,2002,1.6521739130434783
LBR,2002,1.54
LBY,2002,2.6506024096385543
LCA,2002,11.0
LKA,2002,3.495114006514658
LSO,2002,4.3273809523809526
LTU,2002,6.392857142857143
LUX,2002,3.2857142857142856
LVA,2002,4.260504201680672
MAR,2002,1.6919720767888307
MDA,2002,5.2405063291139244
MDG,2002,2.478927203065134
MDV,2002,3.6666666666666665
MEX,2002,5.324925816023739
MKD,2002,2.72
MLI,2002,1.4938875305623471
MLT,2002,2.8
MMR,2002,2.930626057529611
MNE,2002,2.793103448275862
MNG,2002,4.081081081081081
MOZ,2002,4.018270401948842
MRT,2002,1.703125
MUS,2002,3.6206896551724137
MWI,2002,3.9560975609756097
MYS,2002,3.0901162790697674
NAM,2002,3.9611650485436893
NER,2002,1.900243309002433
NGA,2002,2.6623415811707907
NIC,2002,3.2432432432432434
NLD,2002,2.207547169811321
NOR,2002,2.656934306569343
NPL,2002,6.316091954022989
NZL,2002,2.9430894308943087
OMN,2002,6.2
PAK,2002,2.944977756965582
PAN,2002,4.194444444444445
PER,2002,2.0842105263157893
PHL,2002,3.0359550561797755
PNG,2002,2.9166666666666665
POL,2002,5.443708609271523
PRT,2002,3.8536585365853657
PRY,2002,1.4761904761904763
QAT,2002,6.666666666666667
ROU,2002,5.209677419354839
RUS,2002,5.589081592432006
RWA,2002,2.5236220472440944
SAU,2002,5.021739130434782
SDN,2002,1.90625
SEN,2002,3.3255131964809386
SGP,2002,1.60989010989011
SLB,2002,17.75
SLE,2002,2.1142857142857143
SLV,2002,2.686868686868687
SOM,2002,3.398891966759003
SRB,2002,3.1702127659574466
SSD,2002,3.1404958677685952
STP,2002,3.0
SUR,2002,3.689655172413793
SVK,2002,6.681318681318682
SVN,2002,4.284090909090909
SWE,2002,2.6612377850162865
SWZ,2002,2.75
SYC,2002,7.0
SYR,2002,3.8805970149253732
TCD,2002,3.1558073654390935
TGO,2002,3.0548523206751055
THA,2002,2.626349892008639
TJK,2002,2.4767441860465116
TKM,2002,4.48062015503876
TLS,2002,1.8666666666666667
TON,2002,1.5
TTO,2002,4.617647058823529
TUN,2002,2.015625
TUR,2002,3.0818505338078293
TZA,2002,2.9983193277310924
UGA,2002,4.4628180039138945
UKR,2002,6.552040816326531
URY,2002,3.811023622047244
USA,2002,3.9118162972412693
UZB,2002,3.6292134831460676
VCT,2002,7.0
VEN,2002,5.65546218487395
VNM,2002,1.8611799702528509
VUT,2002,3.888888888888889
WSM,2002,3.0
YEM,2002,1.6719576719576719
ZAF,2002,3.3136094674556213
ZMB,2002,2.684813753581662
ZWE,2002,2.07942238267148
AFG,2003,1.0941446613088404
AGO,2003,4.163751987281399
ALB,2003,2.1041666666666665
ARE,2003,4.276595744680851
ARG,2003,4.071140939597315
ARM,2003,3.8125
ATG,2003,inf
AUS,2003,3.4941724941724943
AUT,2003,3.041095890410959
AZE,2003,3.816901408450704
BDI,2003,2.3016627078384797
BEL,2003,2.8193018480492813
BEN,2003,3.1637010676156585
BFA,2003,2.988888888888889
BGD,2003,2.8225172074729596
BGR,2003,3.2548076923076925
BHR,2003,5.333333333333333
BHS,2003,7.0
BIH,2003,3.7246376811594204
BLR,2003,6.402020202020202
BLZ,2003,6.333333333333333
BOL,2003,2.2830188679245285
BRA,2003,3.7212847033206313
BRB,2003,1.0
BRN,2003,5.0
BTN,2003,2.0
BWA,2003,3.375757575757576
CAF,2003,3.631372549019608
CAN,2003,3.1554216867469878
CHE,2003,2.2037617554858935
CHL,2003,5.690987124463519
CHN,2003,1.3394036061026353
CIV,2003,4.888188976377953
CMR,2003,3.12958435207824
COD,2003,4.077225130890052
COG,2003,2.507936507936508
COL,2003,2.843100189035917
COM,2003,1.8095238095238095
CPV,2003,4.866666666666666
CRI,2003,5.615384615384615
CUB,2003,3.102409638554217
CYP,2003,2.5
CZE,2003,4.329588014981273
DEU,2003,3.098315885298134
DJI,2003,2.206896551724138
DNK,2003,2.9507042253521125
DOM,2003,4.654761904761905
DZA,2003,1.7186234817813766
ECU,2003,2.526470588235294
EGY,2003,1.8071794871794873
ESP,2003,3.2679127725856696
EST,2003,5.019607843137255
ETH,2003,2.2229748035762666
FIN,2003,3.2838427947598254
FJI,2003,1.8666666666666667
FRA,2003,2.7724164133738602
FSM,2003,3.6666666666666665
GAB,2003,4.2272727272727275
GBR,2003,3.1549155908639523
GEO,2003,3.68
GHA,2003,6.52887537993921
GIN,2003,1.9430379746835442
GMB,2003,2.169811320754717
GNB,2003,3.0
GNQ,2003,3.6956521739130435
GRC,2003,4.345454545454546
GRD,2003,inf
GTM,2003,5.2105263157894735
GUY,2003,3.6129032258064515
HND,2003,4.615384615384615
HRV,2003,4.2204724409448815
HTI,2003,1.2848101265822784
HUN,2003,4.090702947845805
IDN,2003,2.80316091954023
IND,2003,1.4429720656236145
IRL,2003,3.47
IRN,2003,1.742822966507177
IRQ,2003,2.3596059113300494
ISL,2003,3.375
ISR,2003,4.746666666666667
ITA,2003,3.1260162601626016
JAM,2003,3.3333333333333335
JOR,2003,1.9310344827586208
JPN,2003,2.7827476038338657
KAZ,2003,5.411194833153929
KEN,2003,3.1007685738684883
KGZ,2003,5.0
KHM,2003,1.9312714776632303
KIR,2003,5.0
KWT,2003,3.75
LAO,2003,1.7668711656441718
LBN,2003,1.6666666666666667
LBR,2003,1.4757281553398058
LBY,2003,2.7974683544303796
LCA,2003,11.0
LKA,2003,3.260824742268041
LSO,2003,4.106951871657754
LTU,2003,5.198198198198198
LUX,2003,2.4705882352941178
LVA,2003,4.461538461538462
MAR,2003,1.7484499557130204
MDA,2003,6.514705882352941
MDG,2003,2.4844606946983547
MDV,2003,5.5
MEX,2003,5.074728260869565
MKD,2003,2.8
MLI,2003,1.5390243902439025
MLT,2003,2.0
MMR,2003,2.8540268456375837
MNE,2003,2.8
MNG,2003,4.265486725663717
MOZ,2003,4.119760479041916
MRT,2003,1.6615384615384616
MUS,2003,2.875
MWI,2003,4.076923076923077
MYS,2003,3.2114285714285713
NAM,2003,4.229166666666667
NER,2003,1.9607390300230947
NGA,2003,2.6444967628016482
NIC,2003,3.3734939759036147
NLD,2003,2.1833740831295843
NOR,2003,2.661764705882353
NPL,2003,6.15819209039548
NZL,2003,2.5821917808219177
OMN,2003,6.894736842105263
PAK,2003,2.9448764867337602
PAN,2003,8.761904761904763
PER,2003,2.1319444444444446
PHL,2003,2.8629032258064515
PNG,2003,2.979591836734694
POL,2003,6.080545229244114
PRT,2003,3.551219512195122
PRY,2003,2.8545454545454545
QAT,2003,8.0
ROU,2003,5.124694376528117
RUS,2003,5.581843743723639
RWA,2003,2.4989106753812638
SAU,2003,5.177304964539007
SDN,2003,1.9318600368324126
SEN,2003,3.2714285714285714
SGP,2003,1.783132530120482
SLB,2003,14.8
SLE,2003,2.068062827225131
SLV,2003,3.349514563106796
SOM,2003,3.316753926701571
SRB,2003,3.1198738170347005
SSD,2003,3.0310077519379846
STP,2003,2.0
SUR,2003,3.7241379310344827
SVK,2003,6.758241758241758
SVN,2003,4.142857142857143
SWE,2003,2.1787878787878787
SWZ,2003,2.7151898734177213
SYC,2003,7.0
SYR,2003,4.283333333333333
TCD,2003,3.1370967741935485
TGO,2003,3.130612244897959
THA,2003,2.8755137991779214
TJK,2003,2.4204545454545454
TKM,2003,4.9421487603305785
TLS,2003,2.066666666666667
TON,2003,1.5
TTO,2003,4.25
TUN,2003,2.007751937984496
TUR,2003,3.1508379888268156
TZA,2003,3.0185512367491167
UGA,2003,4.581712062256809
UKR,2003,6.442482611021937
URY,2003,3.2920353982300883
USA,2003,3.7812982998454405
UZB,2003,3.4446280991735536
VCT,2003,7.0
VEN,2003,5.423580786026201
VNM,2003,1.9212637913741224
VUT,2003,4.0
WSM,2003,3.5
YEM,2003,1.6846689895470384
ZAF,2003,3.217944737659112
ZMB,2003,2.939814814814815
ZWE,2003,2.0035335689045937
AFG,2004,1.108910891089109
AGO,2004,4.14797507788162
ALB,2004,2.1702127659574466
ARE,2004,4.625
ARG,2004,3.911976911976912
ARM,2004,2.9655172413793105
ATG,2004,inf
AUS,2004,3.7302798982188294
AUT,2004,3.4609375
AZE,2004,3.775
BDI,2004,2.295673076923077
BEL,2004,2.725910064239829
BEN,2004,3.1620689655172414
BFA,2004,3.009009009009009
BGD,2004,2.8071928071928074
BGR,2004,3.252577319587629
BHR,2004,5.153846153846154
BHS,2004,4.5
BIH,2004,3.563380281690141
BLR,2004,6.031809145129225
BLZ,2004,7.0
BOL,2004,2.199074074074074
BRA,2004,3.5407066052227343
BRB,2004,1.0
BRN,2004,5.0
BTN,2004,2.0
BWA,2004,3.4142011834319526
CAF,2004,3.689516129032258
CAN,2004,2.909307875894988
CHE,2004,2.1353846153846154
CHL,2004,5.684426229508197
CHN,2004,1.3304324648497368
CIV,2004,5.078175895765472
CMR,2004,3.1859052247873634
COD,2004,3.930131004366812
COG,2004,2.38
COL,2004,3.319915254237288
COM,2004,1.85
CPV,2004,5.357142857142857
CRI,2004,6.395833333333333
CUB,2004,3.1171171171171173
CYP,2004,3.5
CZE,2004,4.986666666666666
DEU,2004,3.259990133201776
DJI,2004,2.2758620689655173
DNK,2004,2.2180851063829787
DOM,2004,4.415730337078652
DZA,2004,1.767094017094017
ECU,2004,2.487935656836461
EGY,2004,1.8776150627615062
ESP,2004,3.1348148148148147
EST,2004,5.038461538461538
ETH,2004,2.2203527815468114
FIN,2004,3.2695652173913046
FJI,2004,1.9642857142857142
FRA,2004,2.613263785394933
FSM,2004,3.8333333333333335
GAB,2004,4.2926829268292686
GBR,2004,3.0354147250698973
GEO,2004,4.3061224489795915
GHA,2004,6.85459940652819
GIN,2004,1.966360856269113
GMB,2004,2.1818181818181817
GNB,2004,3.017857142857143
GNQ,2004,3.5
GRC,2004,4.46
GRD,2004,inf
GTM,2004,5.257731958762887
GUY,2004,3.683333333333333
HND,2004,4.113636363636363
HRV,2004,3.128834355828221
HTI,2004,1.3311546840958606
HUN,2004,3.7494646680942183
IDN,2004,2.90763854218672
IND,2004,1.488981288981289
IRL,2004,4.986666666666666
IRN,2004,1.7875549968573223
IRQ,2004,2.400990099009901
ISL,2004,2.4
ISR,2004,3.688888888888889
ITA,2004,3.2247191011235956
JAM,2004,3.272727272727273
JOR,2004,1.9298245614035088
JPN,2004,2.7450415866922584
KAZ,2004,5.472491909385114
KEN,2004,3.490713587487781
KGZ,2004,4.935483870967742
KHM,2004,1.9932432432432432
KIR,2004,5.0
KWT,2004,3.9166666666666665
LAO,2004,1.80625
LBN,2004,1.8297872340425532
LBR,2004,1.3391304347826087
LBY,2004,2.7083333333333335
LCA,2004,11.0
LKA,2004,3.6153028692879916
LSO,2004,4.251336898395722
LTU,2004,4.797297297297297
LUX,2004,3.7
LVA,2004,5.109756097560975
MAR,2004,1.756876663708962
MDA,2004,5.402597402597403
MDG,2004,2.47246891651865
MDV,2004,5.0
MEX,2004,5.065595716198126
MKD,2004,2.4210526315789473
MLI,2004,1.5779376498800959
MLT,2004,3.0
MMR,2004,2.8106312292358804
MNE,2004,2.8333333333333335
MNG,2004,4.392857142857143
MOZ,2004,4.206053550640279
MRT,2004,1.7272727272727273
MUS,2004,3.3043478260869565
MWI,2004,4.328804347826087
MYS,2004,3.261627906976744
NAM,2004,4.790123456790123
NER,2004,1.9954022988505746
NGA,2004,2.6657101865136297
NIC,2004,3.9178082191780823
NLD,2004,2.218978102189781
NOR,2004,2.0568181818181817
NPL,2004,6.368115942028986
NZL,2004,3.226890756302521
OMN,2004,6.7368421052631575
PAK,2004,2.925586592178771
PAN,2004,5.25
PER,2004,2.3041825095057034
PHL,2004,3.1185344827586206
PNG,2004,2.8679245283018866
POL,2004,6.060459492140266
PRT,2004,3.391304347826087
PRY,2004,2.3048780487804876
QAT,2004,8.6
ROU,2004,5.588068181818182
RUS,2004,5.55966735966736
RWA,2004,2.5294117647058822
SAU,2004,5.552238805970149
SDN,2004,1.9575645756457565
SEN,2004,3.2711864406779663
SGP,2004,1.832258064516129
SLB,2004,18.0
SLE,2004,2.1443298969072164
SLV,2004,4.376470588235295
SOM,2004,3.295
SRB,2004,3.1153846153846154
SSD,2004,3.0074626865671643
STP,2004,3.0
SUR,2004,3.6551724137931036
SVK,2004,5.133333333333334
SVN,2004,2.8205128205128207
SWE,2004,2.6271186440677967
SWZ,2004,2.727272727272727
SYC,2004,7.0
SYR,2004,4.327868852459017
TCD,2004,3.2868852459016393
TGO,2004,3.1181102362204722
THA,2004,3.3393939393939394
TJK,2004,2.3777777777777778
TKM,2004,4.388059701492537
TLS,2004,2.230769230769231
TON,2004,1.5
TTO,2004,4.620689655172414
TUN,2004,2.048
TUR,2004,2.9705882352941178
TZA,2004,3.007476635514019
UGA,2004,4.56093023255814
UKR,2004,6.575604272062956
URY,2004,3.74
USA,2004,3.5630288254696687
UZB,2004,3.3993174061433447
VCT,2004,5.0
VEN,2004,5.447115384615385
VNM,2004,2.0035514967021815
VUT,2004,4.0
WSM,2004,3.5
YEM,2004,1.6722129783693844
ZAF,2004,3.202257761053622
ZMB,2004,2.9424460431654675
ZWE,2004,1.7744897959183674
AFG,2005,1.1240478781284005
AGO,2005,4.1004709576138145
ALB,2005,1.9743589743589745
ARE,2005,5.1
ARG,2005,3.8328571428571427
ARM,2005,3.2142857142857144
ATG,2005,inf
AUS,2005,3.5955555555555554
AUT,2005,3.18796992481203
AZE,2005,3.7411764705882353
BDI,2005,2.284688995215311
BEL,2005,2.734042553191489
BEN,2005,3.187074829931973
BFA,2005,3.0886524822695036
BGD,2005,2.8013765978367746
BGR,2005,3.110497237569061
BHR,2005,5.461538461538462
BHS,2005,4.0
BIH,2005,4.0
BLR,2005,6.034951456310679
BLZ,2005,5.666666666666667
BOL,2005,2.1545454545454548
BRA,2005,3.5538387252535006
BRB,2005,5.0
BRN,2005,3.0
BTN,2005,2.1666666666666665
BWA,2005,3.338709677419355
CAF,2005,3.7613168724279835
CAN,2005,2.948955916473318
CHE,2005,2.2755417956656347
CHL,2005,4.935361216730038
CHN,2005,1.34305791868974
CIV,2005,5.103161397670549
CMR,2005,3.1466372657111354
COD,2005,3.8675937122128174
COG,2005,2.270935960591133
COL,2005,3.363218390804598
COM,2005,1.85
CPV,2005,5.133333333333334
CRI,2005,6.024390243902439
CUB,2005,2.9472049689440993
CYP,2005,3.0
CZE,2005,4.773333333333333
DEU,2005,3.1311806256306762
DJI,2005,2.310344827586207
DNK,2005,2.5290697674418605
DOM,2005,4.677777777777778
DZA,2005,1.7538126361655773
ECU,2005,2.7305699481865284
EGY,2005,1.9134615384615385
ESP,2005,3.235864297253635
EST,2005,5.2439024390243905
ETH,2005,2.2280892759934674
FIN,2005,2.639344262295082
FJI,2005,2.111111111111111
FRA,2005,2.7195121951219514
FSM,2005,3.8333333333333335
GAB,2005,4.4523809523809526
GBR,2005,2.991412213740458
GEO,2005,4.317073170731708
GHA,2005,7.026086956521739
GIN,2005,1.964071856287425
GMB,2005,2.1607142857142856
GNB,2005,2.982142857142857
GNQ,2005,3.1923076923076925
GRC,2005,3.8208955223880596
GRD,2005,inf
GTM,2005,5.223684210526316
GUY,2005,3.8035714285714284
HND,2005,4.133333333333334
HRV,2005,3.2435897435897436
HTI,2005,1.2857142857142858
HUN,2005,3.9044289044289044
IDN,2005,2.964509394572025
IND,2005,1.51211962291664
IRL,2005,3.8191489361702127
IRN,2005,1.7652519893899203
IRQ,2005,2.404358353510896
ISL,2005,1.9090909090909092
ISR,2005,2.7804878048780486
ITA,2005,3.077259475218659
JAM,2005,3.4
JOR,2005,2.018867924528302
JPN,2005,2.707952255464269
KAZ,2005,5.412526997840173
KEN,2005,3.5130984643179763
KGZ,2005,4.7368421052631575
KHM,2005,2.0764119601328903
KIR,2005,5.2
KWT,2005,4.0
LAO,2005,1.83125
LBN,2005,1.9130434782608696
LBR,2005,1.4234234234234233
LBY,2005,2.6164383561643834
LCA,2005,11.0
LKA,2005,2.1097092704333518
LSO,2005,4.502824858757062
LTU,2005,5.304123711340206
LUX,2005,3.3333333333333335
LVA,2005,5.0246913580246915
MAR,2005,1.7756756756756757
MDA,2005,5.797297297297297
MDG,2005,2.51779359430605
MDV,2005,5.0
MEX,2005,5.197889182058048
MKD,2005,2.8333333333333335
MLI,2005,1.603211009174312
MLT,2005,3.5
MMR,2005,2.8519793459552494
MNE,2005,3.0344827586206895
MNG,2005,4.605504587155964
MOZ,2005,4.299773755656108
MRT,2005,1.7230769230769232
MUS,2005,3.28
MWI,2005,4.3983286908078
MYS,2005,3.1880341880341883
NAM,2005,4.397849462365591
NER,2005,2.0436681222707422
NGA,2005,2.647832167832168
NIC,2005,4.948275862068965
NLD,2005,2.175233644859813
NOR,2005,2.0697674418604652
NPL,2005,5.952127659574468
NZL,2005,3.0155038759689923
OMN,2005,6.947368421052632
PAK,2005,2.9708474576271184
PAN,2005,5.884615384615385
PER,2005,2.3134920634920637
PHL,2005,3.116504854368932
PNG,2005,2.8703703703703702
POL,2005,6.032648125755744
PRT,2005,3.5
PRY,2005,1.8631578947368421
QAT,2005,7.833333333333333
ROU,2005,5.225714285714286
RUS,2005,5.493015012510425
RWA,2005,2.4307304785894206
SAU,2005,5.378378378378378
SDN,2005,1.877342419080068
SEN,2005,3.239669421487603
SGP,2005,2.18978102189781
SLB,2005,15.0
SLE,2005,2.123762376237624
SLV,2005,5.0
SOM,2005,3.2475728155339807
SRB,2005,2.739811912225705
SSD,2005,3.0441176470588234
STP,2005,2.0
SUR,2005,3.7586206896551726
SVK,2005,6.325581395348837
SVN,2005,3.988095238095238
SWE,2005,2.0777479892761392
SWZ,2005,2.7151162790697674
SYC,2005,7.0
SYR,2005,4.317460317460317
TCD,2005,3.2415584415584417
TGO,2005,3.1744186046511627
THA,2005,3.326388888888889
TJK,2005,2.4105263157894736
TKM,2005,4.507246376811594
TLS,2005,2.142857142857143
TON,2005,1.5
TTO,2005,4.233333333333333
TUN,2005,2.090909090909091
TUR,2005,2.9729206963249517
TZA,2005,3.1025390625
UGA,2005,4.374785591766724
UKR,2005,6.549773755656108
URY,2005,3.3883495145631066
USA,2005,3.6212605286087713
UZB,2005,3.4752475247524752
VCT,2005,10.0
VEN,2005,5.545454545454546
VNM,2005,2.0488180883864335
VUT,2005,4.0
WSM,2005,3.5
YEM,2005,1.693979933110368
ZAF,2005,3.3233863120337332
ZMB,2005,3.0717423133235724
ZWE,2005,1.9404388714733543
AFG,2006,1.1368983957219252
AGO,2006,4.105643994211288
ALB,2006,1.7882352941176471
ARE,2006,5.703703703703703
ARG,2006,4.157657657657658
ARM,2006,2.688888888888889
ATG,2006,
AUS,2006,3.2381974248927037
AUT,2006,3.6622222222222223
AZE,2006,3.895348837209302
BDI,2006,2.326923076923077
BEL,2006,2.5364372469635628
BEN,2006,3.2114093959731544
BFA,2006,3.1032702237521517
BGD,2006,2.827602905569007
BGR,2006,3.945945945945946
BHR,2006,4.6923076923076925
BHS,2006,5.0
BIH,2006,3.7746478873239435
BLR,2006,5.895277207392197
BLZ,2006,6.0
BOL,2006,2.1116279069767443
BRA,2006,3.463228271251194
BRB,2006,inf
BRN,2006,3.5
BTN,2006,2.1666666666666665
BWA,2006,3.4597701149425286
CAF,2006,3.76171875
CAN,2006,3.033678756476684
CHE,2006,2.0172910662824206
CHL,2006,5.082706766917293
CHN,2006,1.348052103250478
CIV,2006,4.621460506706408
CMR,2006,3.1764080765143463
COD,2006,3.8055067369654365
COG,2006,2.199052132701422
COL,2006,3.5369928400954653
COM,2006,1.7619047619047619
CPV,2006,5.0
CRI,2006,5.237288135593221
CUB,2006,4.118143459915612
CYP,2006,2.3
CZE,2006,4.661904761904762
DEU,2006,3.0834213305174236
DJI,2006,2.392857142857143
DNK,2006,2.358695652173913
DOM,2006,5.011494252873563
DZA,2006,1.7416481069042316
ECU,2006,2.614250614250614
EGY,2006,1.9149159663865547
ESP,2006,3.4715302491103204
EST,2006,4.380952380952381
ETH,2006,2.270718232044199
FIN,2006,3.2168141592920354
FJI,2006,2.1923076923076925
FRA,2006,2.6920609462710505
FSM,2006,3.8333333333333335
GAB,2006,3.92
GBR,2006,3.3471933471933473
GEO,2006,4.756756756756757
GHA,2006,7.121468926553672
GIN,2006,1.9833333333333334
GMB,2006,2.1206896551724137
GNB,2006,3.017857142857143
GNQ,2006,2.9
GRC,2006,4.660714285714286
GRD,2006,5.0
GTM,2006,5.269896193771626
GUY,2006,3.4745762711864407
HND,2006,4.130434782608695
HRV,2006,3.054421768707483
HTI,2006,1.3132530120481927
HUN,2006,3.4134831460674158
IDN,2006,2.850515463917526
IND,2006,1.5648874466617269
IRL,2006,3.8333333333333335
IRN,2006,1.8117977528089888
IRQ,2006,2.520884520884521
ISL,2006,2.4
ISR,2006,3.182795698924731
ITA,2006,3.1732522796352582
JAM,2006,3.5
JOR,2006,2.142857142857143
JPN,2006,2.5322410942431985
KAZ,2006,5.231681034482759
KEN,2006,3.4472759226713534
KGZ,2006,4.757575757575758
KHM,2006,2.1946308724832213
KIR,2006,5.2
KWT,2006,4.333333333333333
LAO,2006,1.9155844155844155
LBN,2006,1.8636363636363635
LBR,2006,1.4482758620689655
LBY,2006,2.581081081081081
LCA,2006,11.0
LKA,2006,3.6624525916561317
LSO,2006,4.052863436123348
LTU,2006,5.049689440993789
LUX,2006,3.357142857142857
LVA,2006,6.293103448275862
MAR,2006,1.7723577235772359
MDA,2006,6.1506849315068495
MDG,2006,2.5051903114186853
MDV,2006,5.0
MEX,2006,5.443356643356643
MKD,2006,3.261904761904762
MLI,2006,1.654462242562929
MLT,2006,10.5
MMR,2006,2.9785714285714286
MNE,2006,3.1379310344827585
MNG,2006,4.7075471698113205
MOZ,2006,4.441471571906354
MRT,2006,1.7313432835820894
MUS,2006,3.3461538461538463
MWI,2006,4.111940298507463
MYS,2006,3.2063953488372094
NAM,2006,4.101010101010101
NER,2006,2.0790598290598292
NGA,2006,2.701500833796554
NIC,2006,4.101694915254237
NLD,2006,2.2233009708737863
NOR,2006,2.6066666666666665
NPL,2006,6.0
NZL,2006,2.765957446808511
OMN,2006,7.15
PAK,2006,2.9885159010600706
PAN,2006,14.692307692307692
PER,2006,2.263779527559055
PHL,2006,3.584199584199584
PNG,2006,2.8392857142857144
POL,2006,6.225260416666667
PRT,2006,3.654054054054054
PRY,2006,2.3703703703703702
QAT,2006,7.714285714285714
ROU,2006,5.132432432432433
RUS,2006,5.372178297238455
RWA,2006,2.3526448362720402
SAU,2006,5.320987654320987
SDN,2006,1.8974358974358974
SEN,2006,3.293628808864266
SGP,2006,1.7884615384615385
SLB,2006,15.4
SLE,2006,2.116591928251121
SLV,2006,5.492537313432836
SOM,2006,3.290953545232274
SRB,2006,2.893470790378007
SSD,2006,3.034965034965035
STP,2006,3.0
SUR,2006,3.7
SVK,2006,6.72093023255814
SVN,2006,3.988372093023256
SWE,2006,1.972972972972973
SWZ,2006,2.8232044198895028
SYC,2006,6.0
SYR,2006,4.184615384615385
TCD,2006,3.2748091603053435
TGO,2006,3.1350364963503647
THA,2006,3.305817610062893
TJK,2006,2.5483870967741935
TKM,2006,4.208333333333333
TLS,2006,2.3333333333333335
TON,2006,1.5
TTO,2006,4.0
TUN,2006,2.0901639344262297
TUR,2006,2.7767175572519083
TZA,2006,3.088403041825095
UGA,2006,4.297872340425532
UKR,2006,6.349264705882353
URY,2006,2.9495798319327733
USA,2006,3.628836947338778
UZB,2006,3.29
VCT,2006,6.0
VEN,2006,5.787356321839081
VNM,2006,2.1630208333333334
VUT,2006,3.8
WSM,2006,3.0
YEM,2006,1.6892561983471075
ZAF,2006,3.4284745762711863
ZMB,2006,3.1624815361890692
ZWE,2006,1.432900432900433
AFG,2007,1.1488222698072805
AGO,2007,4.187800963081862
ALB,2007,1.869047619047619
ARE,2007,6.375
ARG,2007,4.047473200612558
ARM,2007,3.081081081081081
ATG,2007,
AUS,2007,3.1
AUT,2007,3.3632478632478633
AZE,2007,3.8241758241758244
BDI,2007,2.386934673366834
BEL,2007,2.5968468468468466
BEN,2007,3.2651006711409396
BFA,2007,3.1969178082191783
BGD,2007,2.981074168797954
BGR,2007,3.061349693251534
BHR,2007,5.357142857142857
BHS,2007,4.5
BIH,2007,3.8133333333333335
BLR,2007,5.718468468468468
BLZ,2007,5.666666666666667
BOL,2007,2.0482456140350878
BRA,2007,3.4369633981021237
BRB,2007,inf
BRN,2007,2.0
BTN,2007,2.1666666666666665
BWA,2007,3.239766081871345
CAF,2007,3.8412698412698414
CAN,2007,2.837869822485207
CHE,2007,2.1791044776119404
CHL,2007,4.285714285714286
CHN,2007,1.3978639703491775
CIV,2007,4.556851311953353
CMR,2007,3.2891304347826087
COD,2007,3.7214532871972317
COG,2007,2.2085308056872037
COL,2007,3.7406483790523692
COM,2007,1.9
CPV,2007,5.066666666666666
CRI,2007,5.0
CUB,2007,4.017699115044247
CYP,2007,3.2857142857142856
CZE,2007,5.331521739130435
DEU,2007,3.215297450424929
DJI,2007,2.392857142857143
DNK,2007,2.1901840490797544
DOM,2007,5.068181818181818
DZA,2007,1.7966903073286051
ECU,2007,2.8020050125313283
EGY,2007,1.9956989247311827
ESP,2007,3.0372168284789645
EST,2007,6.151515151515151
ETH,2007,2.3028619060850235
FIN,2007,3.1296296296296298
FJI,2007,2.36
FRA,2007,2.6997096640398177
FSM,2007,3.6666666666666665
GAB,2007,4.25531914893617
GBR,2007,3.5176600441501105
GEO,2007,4.394736842105263
GHA,2007,7.192837465564739
GIN,2007,2.0208333333333335
GMB,2007,2.135593220338983
GNB,2007,2.9827586206896552
GNQ,2007,2.78125
GRC,2007,4.977777777777778
GRD,2007,inf
GTM,2007,4.365671641791045
GUY,2007,3.4745762711864407
HND,2007,4.0638297872340425
HRV,2007,3.3656716417910446
HTI,2007,1.3533980582524272
HUN,2007,3.878787878787879
IDN,2007,3.032990805840995
IND,2007,1.6107867886820237
IRL,2007,3.6732673267326734
IRN,2007,1.9079837618403248
IRQ,2007,2.5660847880299253
ISL,2007,2.0
ISR,2007,4.178082191780822
ITA,2007,3.211480362537764
JAM,2007,3.727272727272727
JOR,2007,2.4651162790697674
JPN,2007,2.549351217378627
KAZ,2007,5.2398720682302775
KEN,2007,3.2475961538461537
KGZ,2007,4.653846153846154
KHM,2007,2.298305084745763
KIR,2007,5.4
KWT,2007,4.636363636363637
LAO,2007,1.96
LBN,2007,2.0638297872340425
LBR,2007,1.4126984126984128
LBY,2007,2.2083333333333335
LCA,2007,11.0
LKA,2007,3.6109215017064846
LSO,2007,4.517391304347826
LTU,2007,5.486486486486487
LUX,2007,2.6666666666666665
LVA,2007,4.656716417910448
MAR,2007,1.8090497737556561
MDA,2007,6.015625
MDG,2007,2.4974358974358974
MDV,2007,5.0
MEX,2007,4.363941769316909
MKD,2007,2.9069767441860463
MLI,2007,1.6858407079646018
MLT,2007,8.0
MMR,2007,2.979591836734694
MNE,2007,3.074074074074074
MNG,2007,5.01
MOZ,2007,4.629588431590657
MRT,2007,1.710144927536232
MUS,2007,2.8181818181818183
MWI,2007,3.9060402684563758
MYS,2007,3.210059171597633
NAM,2007,4.413043478260869
NER,2007,2.079107505070994
NGA,2007,2.7437703141928496
NIC,2007,3.5294117647058822
NLD,2007,2.405325443786982
NOR,2007,2.492957746478873
NPL,2007,5.92987012987013
NZL,2007,3.194915254237288
OMN,2007,8.333333333333334
PAK,2007,2.9639797935427192
PAN,2007,7.523809523809524
PER,2007,2.550660792951542
PHL,2007,3.043032786885246
PNG,2007,2.8333333333333335
POL,2007,5.978021978021978
PRT,2007,2.8553191489361702
PRY,2007,2.5774647887323945
QAT,2007,8.555555555555555
ROU,2007,4.798833819241983
RUS,2007,5.1811637672465505
RWA,2007,2.36340206185567
SAU,2007,5.338983050847458
SDN,2007,1.9192439862542956
SEN,2007,3.3427762039660056
SGP,2007,1.7421383647798743
SLB,2007,14.0
SLE,2007,2.0382978723404257
SLV,2007,5.7
SOM,2007,3.262019230769231
SRB,2007,3.0946969696969697
SSD,2007,2.986666666666667
STP,2007,3.0
SUR,2007,3.7
SVK,2007,6.179775280898877
SVN,2007,3.5324675324675323
SWE,2007,2.3333333333333335
SWZ,2007,3.1465968586387434
SYC,2007,6.0
SYR,2007,4.3088235294117645
TCD,2007,3.1749408983451537
TGO,2007,3.2
THA,2007,3.245049504950495
TJK,2007,2.5
TKM,2007,4.114503816793893
TLS,2007,2.25
TON,2007,1.5
TTO,2007,4.75
TUN,2007,2.1176470588235294
TUR,2007,2.7656565656565655
TZA,2007,2.925634295713036
UGA,2007,4.652390438247012
UKR,2007,6.5338669950738915
URY,2007,3.314516129032258
USA,2007,3.5214075461600216
UZB,2007,3.2319327731092438
VCT,2007,8.0
VEN,2007,5.3841807909604515
VNM,2007,2.253484770263294
VUT,2007,3.8
WSM,2007,3.0
YEM,2007,1.7173202614379084
ZAF,2007,3.351291042397195
ZMB,2007,3.5446735395189
ZWE,2007,1.5196850393700787
AFG,2008,1.1310418904403867
AGO,2008,4.098802395209581
ALB,2008,1.8352941176470587
ARE,2008,6.85
ARG,2008,4.1620029455081005
ARM,2008,2.5833333333333335
ATG,2008,
AUS,2008,3.539877300613497
AUT,2008,3.294372294372294
AZE,2008,3.842696629213483
BDI,2008,2.451697127937337
BEL,2008,2.6958333333333333
BEN,2008,3.3910034602076125
BFA,2008,3.262798634812287
BGD,2008,2.9659685863874348
BGR,2008,3.4177215189873418
BHR,2008,5.5
BHS,2008,5.0
BIH,2008,3.985074626865672
BLR,2008,5.710045662100456
BLZ,2008,5.0
BOL,2008,2.048458149779736
BRA,2008,3.411739502999143
BRB,2008,inf
BRN,2008,2.5
BTN,2008,2.3636363636363638
BWA,2008,3.4012345679012346
CAF,2008,3.9
CAN,2008,2.838407494145199
CHE,2008,2.0321637426900585
CHL,2008,4.089743589743589
CHN,2008,1.4561939268461008
CIV,2008,4.686821705426357
CMR,2008,3.2735042735042734
COD,2008,3.7887563884156727
COG,2008,2.230769230769231
COL,2008,3.793103448275862
COM,2008,1.8571428571428572
CPV,2008,5.133333333333334
CRI,2008,5.833333333333333
CUB,2008,3.483018867924528
CYP,2008,3.066666666666667
CZE,2008,4.60377358490566
DEU,2008,3.167591564927858
DJI,2008,2.4285714285714284
DNK,2008,2.2151162790697674
DOM,2008,5.022471910112359
DZA,2008,1.784503631961259
ECU,2008,2.974937343358396
EGY,2008,1.9978858350951374
ESP,2008,3.4602649006622515
EST,2008,4.046511627906977
ETH,2008,2.32162610619469
FIN,2008,3.1608695652173915
FJI,2008,2.2222222222222223
FRA,2008,2.7900460058552907
FSM,2008,3.6666666666666665
GAB,2008,4.52
GBR,2008,3.432969215491559
GEO,2008,4.840909090909091
GHA,2008,7.471849865951743
GIN,2008,2.0559796437659035
GMB,2008,2.1666666666666665
GNB,2008,2.901639344262295
GNQ,2008,2.5428571428571427
GRC,2008,4.705882352941177
GRD,2008,inf
GTM,2008,4.401544401544402
GUY,2008,3.4210526315789473
HND,2008,4.340909090909091
HRV,2008,3.796747967479675
HTI,2008,1.3996101364522417
HUN,2008,3.8226600985221677
IDN,2008,2.911324786324786
IND,2008,1.614613845113918
IRL,2008,3.1370967741935485
IRN,2008,1.96549245147376
IRQ,2008,2.466830466830467
ISL,2008,2.5
ISR,2008,4.984126984126984
ITA,2008,3.103151862464183
JAM,2008,4.0
JOR,2008,2.8421052631578947
JPN,2008,2.4963924963924966
KAZ,2008,4.773987206823028
KEN,2008,3.2525732383214567
KGZ,2008,4.5271317829457365
KHM,2008,2.4280575539568345
KIR,2008,5.6
KWT,2008,4.846153846153846
LAO,2008,2.0136054421768708
LBN,2008,2.272727272727273
LBR,2008,1.378787878787879
LBY,2008,2.27
LCA,2008,12.0
LKA,2008,3.355392156862745
LSO,2008,4.101910828025478
LTU,2008,5.3765432098765435
LUX,2008,2.533333333333333
LVA,2008,4.974683544303797
MAR,2008,1.8601655933762649
MDA,2008,5.189873417721519
MDG,2008,2.5236486486486487
MDV,2008,5.0
MEX,2008,4.337837837837838
MKD,2008,2.9302325581395348
MLI,2008,1.7194860813704498
MLT,2008,10.0
MMR,2008,3.0916496945010183
MNE,2008,3.037037037037037
MNG,2008,5.02970297029703
MOZ,2008,4.436023622047244
MRT,2008,1.75
MUS,2008,5.666666666666667
MWI,2008,3.7880085653104927
MYS,2008,3.302325581395349
NAM,2008,4.702702702702703
NER,2008,2.0992063492063493
NGA,2008,2.80005382131324
NIC,2008,3.217948717948718
NLD,2008,2.297587131367292
NOR,2008,2.2371794871794872
NPL,2008,5.8681592039801
NZL,2008,2.8484848484848486
OMN,2008,8.882352941176471
PAK,2008,3.032947462154942
PAN,2008,4.685714285714286
PER,2008,2.611353711790393
PHL,2008,3.4153225806451615
PNG,2008,3.0
POL,2008,6.358288770053476
PRT,2008,3.4903846153846154
PRY,2008,2.361111111111111
QAT,2008,11.125
ROU,2008,5.00611620795107
RUS,2008,5.142123915434437
RWA,2008,2.3823529411764706
SAU,2008,5.341968911917099
SDN,2008,1.9689119170984455
SEN,2008,3.3856749311294765
SGP,2008,2.198529411764706
SLB,2008,12.714285714285714
SLE,2008,2.0121457489878543
SLV,2008,4.5
SOM,2008,3.2632794457274827
SRB,2008,2.81021897810219
SSD,2008,3.026143790849673
STP,2008,3.0
SUR,2008,3.5483870967741935
SVK,2008,6.358974358974359
SVN,2008,4.015625
SWE,2008,2.4161676646706587
SWZ,2008,3.234375
SYC,2008,6.0
SYR,2008,4.422535211267606
TCD,2008,3.125858123569794
TGO,2008,3.311355311355311
THA,2008,3.3159722222222223
TJK,2008,2.54
TKM,2008,3.841666666666667
TLS,2008,2.3636363636363638
TON,2008,1.5
TTO,2008,4.451612903225806
TUN,2008,2.1739130434782608
TUR,2008,2.8301075268817204
TZA,2008,2.73963133640553
UGA,2008,4.963251670378619
UKR,2008,6.387136672850959
URY,2008,3.731958762886598
USA,2008,3.5298778903611328
UZB,2008,3.1508474576271186
VCT,2008,inf
VEN,2008,5.901315789473684
VNM,2008,2.3751962323390896
VUT,2008,3.9
WSM,2008,3.0
YEM,2008,1.686427457098284
ZAF,2008,3.234388366124893
ZMB,2008,3.904315196998124
ZWE,2008,1.5006053268765134
AFG,2009,1.113785557986871
AGO,2009,4.172638436482084
ALB,2009,1.7857142857142858
ARE,2009,7.03125
ARG,2009,4.1458646616541355
ARM,2009,4.7727272727272725
ATG,2009,
AUS,2009,3.165067178502879
AUT,2009,3.497757847533632
AZE,2009,3.9186046511627906
BDI,2009,2.4764397905759163
BEL,2009,2.532289628180039
BEN,2009,3.3529411764705883
BFA,2009,3.36734693877551
BGD,2009,2.9500805152979064
BGR,2009,3.783582089552239
BHR,2009,5.428571428571429
BHS,2009,5.0
BIH,2009,3.8656716417910446
BLR,2009,5.437086092715232
BLZ,2009,6.666666666666667
BOL,2009,2.0259740259740258
BRA,2009,3.557768924302789
BRB,2009,inf
BRN,2009,2.0
BTN,2009,2.3636363636363638
BWA,2009,4.327868852459017
CAF,2009,3.7720588235294117
CAN,2009,3.053128689492326
CHE,2009,2.6384615384615384
CHL,2009,4.033980582524272
CHN,2009,1.4975441952870625
CIV,2009,4.333333333333333
CMR,2009,3.278361344537815
COD,2009,3.794165316045381
COG,2009,2.1704035874439462
COL,2009,3.8427835051546393
COM,2009,1.8095238095238095
CPV,2009,5.2
CRI,2009,5.657894736842105
CUB,2009,3.5615942028985508
CYP,2009,5.285714285714286
CZE,2009,5.46875
DEU,2009,3.291737891737892
DJI,2009,2.4642857142857144
DNK,2009,3.459016393442623
DOM,2009,4.757894736842105
DZA,2009,1.7761194029850746
ECU,2009,2.94320987654321
EGY,2009,1.9979253112033195
ESP,2009,3.5204778156996586
EST,2009,6.257142857142857
ETH,2009,2.3788181558664
FIN,2009,2.7109375
FJI,2009,2.107142857142857
FRA,2009,2.8297960882230546
FSM,2009,3.6666666666666665
GAB,2009,4.954545454545454
GBR,2009,3.5147507629704986
GEO,2009,4.314814814814815
GHA,2009,7.8621621621621625
GIN,2009,2.029126213592233
GMB,2009,2.1666666666666665
GNB,2009,3.0327868852459017
GNQ,2009,2.25
GRC,2009,6.066666666666666
GRD,2009,inf
GTM,2009,4.166666666666667
GUY,2009,2.7260273972602738
HND,2009,4.560975609756097
HRV,2009,4.504761904761905
HTI,2009,1.414448669201521
HUN,2009,3.7716346153846154
IDN,2009,3.0427687113111985
IND,2009,1.5591681155543666
IRL,2009,4.181034482758621
IRN,2009,2.0364166059723234
IRQ,2009,2.4337078651685395
ISL,2009,2.4166666666666665
ISR,2009,3.505050505050505
ITA,2009,3.324888226527571
JAM,2009,4.3076923076923075
JOR,2009,2.945945945945946
JPN,2009,2.609670841829304
KAZ,2009,4.610404624277456
KEN,2009,3.1166797180892716
KGZ,2009,4.2631578947368425
KHM,2009,2.485074626865672
KIR,2009,5.8
KWT,2009,4.615384615384615
LAO,2009,2.041958041958042
LBN,2009,2.2222222222222223
LBR,2009,1.5116279069767442
LBY,2009,1.982905982905983
LCA,2009,11.0
LKA,2009,4.166294642857143
LSO,2009,4.525316455696203
LTU,2009,5.553459119496855
LUX,2009,2.4615384615384617
LVA,2009,5.1466666666666665
MAR,2009,1.8709677419354838
MDA,2009,6.014084507042254
MDG,2009,2.5057471264367814
MDV,2009,5.0
MEX,2009,4.310444874274662
MKD,2009,3.358974358974359
MLI,2009,1.7365145228215768
MLT,2009,7.666666666666667
MMR,2009,3.2628205128205128
MNE,2009,3.037037037037037
MNG,2009,4.828571428571428
MOZ,2009,4.28
MRT,2009,1.7714285714285714
MUS,2009,3.8636363636363638
MWI,2009,3.7808764940239046
MYS,2009,3.358166189111748
NAM,2009,4.373333333333333
NER,2009,2.127862595419847
NGA,2009,2.854997269251775
NIC,2009,2.835294117647059
NLD,2009,2.429333333333333
NOR,2009,2.5031847133757963
NPL,2009,6.022113022113022
NZL,2009,3.205357142857143
OMN,2009,8.333333333333334
PAK,2009,3.0867992766726946
PAN,2009,5.814814814814815
PER,2009,2.6204379562043796
PHL,2009,2.7802037845705967
PNG,2009,2.85
POL,2009,6.250295159386068
PRT,2009,3.6206896551724137
PRY,2009,2.8815789473684212
QAT,2009,11.444444444444445
ROU,2009,5.792763157894737
RUS,2009,4.952010050251256
RWA,2009,2.437853107344633
SAU,2009,5.121621621621622
SDN,2009,1.9932432432432432
SEN,2009,3.3732970027247955
SGP,2009,2.5076923076923077
SLB,2009,13.0
SLE,2009,1.996078431372549
SLV,2009,6.282051282051282
SOM,2009,3.3
SRB,2009,3.092936802973978
SSD,2009,2.94375
STP,2009,3.0
SUR,2009,3.5483870967741935
SVK,2009,9.0
SVN,2009,4.196969696969697
SWE,2009,2.3777777777777778
SWZ,2009,3.3675675675675674
SYC,2009,6.0
SYR,2009,4.260273972602739
TCD,2009,3.096069868995633
TGO,2009,3.3616236162361623
THA,2009,3.354982206405694
TJK,2009,2.452830188679245
TKM,2009,3.4311926605504586
TLS,2009,2.2
TON,2009,2.0
TTO,2009,4.148148148148148
TUN,2009,2.1724137931034484
TUR,2009,2.7558386411889595
TZA,2009,2.845171588188348
UGA,2009,4.841931942919868
UKR,2009,6.096249115357396
URY,2009,3.9782608695652173
USA,2009,3.5308435286542177
UZB,2009,2.945392491467577
VCT,2009,inf
VEN,2009,5.363636363636363
VNM,2009,2.458067940552017
VUT,2009,3.727272727272727
WSM,2009,3.0
YEM,2009,1.6820987654320987
ZAF,2009,3.2078762306610407
ZMB,2009,3.784697508896797
ZWE,2009,1.6349206349206349
AFG,2010,1.1304824561403508
AGO,2010,4.1754916792738275
ALB,2010,1.6352941176470588
ARE,2010,7.164179104477612
ARG,2010,4.372881355932203
ARM,2010,3.022727272727273
ATG,2010,
AUS,2010,3.2444444444444445
AUT,2010,3.385593220338983
AZE,2010,3.8160919540229883
BDI,2010,2.513089005235602
BEL,2010,2.5176470588235293
BEN,2010,3.320634920634921
BFA,2010,3.479933110367893
BGD,2010,2.936052921719956
BGR,2010,3.627737226277372
BHR,2010,5.285714285714286
BHS,2010,5.5
BIH,2010,3.772727272727273
BLR,2010,5.774346793349169
BLZ,2010,7.666666666666667
BOL,2010,2.021276595744681
BRA,2010,3.204201680672269
BRB,2010,inf
BRN,2010,3.0
BTN,2010,2.5
BWA,2010,5.0
CAF,2010,3.761029411764706
CAN,2010,2.7048832271762207
CHE,2010,2.3658536585365852
CHL,2010,4.222527472527473
CHN,2010,1.558574188714956
CIV,2010,4.221079691516709
CMR,2010,3.2755741127348643
COD,2010,3.8127659574468087
COG,2010,2.1748878923766815
COL,2010,4.161849710982659
COM,2010,1.8636363636363635
CPV,2010,5.266666666666667
CRI,2010,6.232558139534884
CUB,2010,3.8339483394833946
CYP,2010,3.8181818181818183
CZE,2010,5.043269230769231
DEU,2010,3.162046908315565
DJI,2010,2.4827586206896552
DNK,2010,2.6350364963503647
DOM,2010,5.0344827586206895
DZA,2010,1.760204081632653
ECU,2010,2.8049382716049385
EGY,2010,1.9599609375
ESP,2010,3.6003861003861
EST,2010,5.181818181818182
ETH,2010,2.5028468684447107
FIN,2010,3.103286384976526
FJI,2010,2.259259259259259
FRA,2010,2.7663628831814417
FSM,2010,3.6666666666666665
GAB,2010,5.0
GBR,2010,3.2583170254403133
GEO,2010,5.4523809523809526
GHA,2010,8.33242506811989
GIN,2010,2.05720823798627
GMB,2010,2.1475409836065573
GNB,2010,3.0161290322580645
GNQ,2010,2.5476190476190474
GRC,2010,7.882352941176471
GRD,2010,inf
GTM,2010,4.1417004048583
GUY,2010,3.5833333333333335
HND,2010,4.4523809523809526
HRV,2010,3.3969465648854964
HTI,2010,1.4403669724770642
HUN,2010,3.8771929824561404
IDN,2010,2.977777777777778
IND,2010,1.4789083790734272
IRL,2010,3.544642857142857
IRN,2010,2.0863309352517985
IRQ,2010,2.456475583864119
ISL,2010,3.625
ISR,2010,4.451612903225806
ITA,2010,3.47900466562986
JAM,2010,3.3076923076923075
JOR,2010,3.0833333333333335
JPN,2010,2.5469654251372607
KAZ,2010,4.75
KEN,2010,3.0221036585365852
KGZ,2010,4.204545454545454
KHM,2010,2.534090909090909
KIR,2010,5.8
KWT,2010,4.538461538461538
LAO,2010,2.093525179856115
LBN,2010,2.3043478260869565
LBR,2010,1.544776119402985
LBY,2010,2.091743119266055
LCA,2010,12.0
LKA,2010,2.774058577405858
LSO,2010,4.701587301587302
LTU,2010,5.0
LUX,2010,2.769230769230769
LVA,2010,7.6
MAR,2010,1.9296435272045027
MDA,2010,5.945945945945946
MDG,2010,2.490415335463259
MDV,2010,4.5
MEX,2010,4.506559031281534
MKD,2010,2.696969696969697
MLI,2010,1.7468879668049793
MLT,2010,12.5
MMR,2010,3.4
MNE,2010,3.0384615384615383
MNG,2010,4.811320754716981
MOZ,2010,4.185990338164252
MRT,2010,1.75
MUS,2010,3.8947368421052633
MWI,2010,3.8336557059961316
MYS,2010,3.36950146627566
NAM,2010,4.728571428571429
NER,2010,2.1783088235294117
NGA,2010,2.873709940249864
NIC,2010,3.591549295774648
NLD,2010,2.4147582697201018
NOR,2010,2.2919254658385095
NPL,2010,6.017031630170316
NZL,2010,2.4768211920529803
OMN,2010,8.473684210526315
PAK,2010,3.04420866489832
PAN,2010,6.95
PER,2010,2.6872852233676974
PHL,2010,2.915593705293276
PNG,2010,2.8
POL,2010,7.083906464924347
PRT,2010,3.1422413793103448
PRY,2010,2.5294117647058822
QAT,2010,12.444444444444445
ROU,2010,5.138418079096045
RUS,2010,4.953992395437262
RWA,2010,2.4664723032069973
SAU,2010,4.9603174603174605
SDN,2010,1.962046204620462
SEN,2010,3.2942708333333335
SGP,2010,2.0575539568345325
SLB,2010,13.285714285714286
SLE,2010,1.933579335793358
SLV,2010,5.029411764705882
SOM,2010,3.268181818181818
SRB,2010,3.4375
SSD,2010,2.9216867469879517
STP,2010,3.0
SUR,2010,3.625
SVK,2010,6.116279069767442
SVN,2010,5.113207547169812
SWE,2010,2.509375
SWZ,2010,3.6463414634146343
SYC,2010,6.0
SYR,2010,4.22972972972973
TCD,2010,3.0876826722338206
TGO,2010,3.36
THA,2010,3.5155109489051095
TJK,2010,2.375
TKM,2010,3.3300970873786406
TLS,2010,2.357142857142857
TON,2010,2.0
TTO,2010,3.7
TUN,2010,2.2232142857142856
TUR,2010,2.7531380753138075
TZA,2010,2.985294117647059
UGA,2010,4.9474285714285715
UKR,2010,5.815905743740795
URY,2010,3.3963963963963963
USA,2010,3.471563689964378
UZB,2010,2.901134521880065
VCT,2010,inf
VEN,2010,5.694267515923567
VNM,2010,2.520732364028002
VUT,2010,3.8181818181818183
WSM,2010,3.0
YEM,2010,1.7167721518987342
ZAF,2010,3.1150338334804353
ZMB,2010,3.528391167192429
ZWE,2010,1.9641283826305853
AFG,2011,1.1151315789473684
AGO,2011,4.285714285714286
ALB,2011,0.9067796610169492
ARE,2011,6.830985915492958
ARG,2011,4.022889842632332
ARM,2011,2.630434782608696
ATG,2011,
AUS,2011,3.035778175313059
AUT,2011,3.1887550200803214
AZE,2011,4.0
BDI,2011,2.5526315789473686
BEL,2011,2.352087114337568
BEN,2011,3.324074074074074
BFA,2011,3.5575959933222037
BGD,2011,2.8260355029585797
BGR,2011,4.36697247706422
BHR,2011,5.214285714285714
BHS,2011,6.0
BIH,2011,3.9365079365079363
BLR,2011,5.584862385321101
BLZ,2011,7.666666666666667
BOL,2011,2.0418410041841004
BRA,2011,3.3233458177278403
BRB,2011,inf
BRN,2011,inf
BTN,2011,2.6
BWA,2011,4.428571428571429
CAF,2011,3.779850746268657
CAN,2011,2.668888888888889
CHE,2011,2.59656652360515
CHL,2011,4.482857142857143
CHN,2011,1.59304205375811
CIV,2011,4.685314685314685
CMR,2011,3.3489096573208723
COD,2011,3.8465968586387436
COG,2011,2.289719626168224
COL,2011,3.9111747851002865
COM,2011,1.8181818181818181
CPV,2011,5.642857142857143
CRI,2011,4.90566037735849
CUB,2011,4.003937007874016
CYP,2011,7.6
CZE,2011,5.345794392523365
DEU,2011,3.245594087549744
DJI,2011,2.586206896551724
DNK,2011,2.927007299270073
DOM,2011,4.870967741935484
DZA,2011,1.7979002624671916
ECU,2011,2.8914141414141414
EGY,2011,2.264033264033264
ESP,2011,3.25
EST,2011,5.32258064516129
ETH,2011,2.5539613225202746
FIN,2011,3.312820512820513
FJI,2011,2.3333333333333335
FRA,2011,2.9017896115233524
FSM,2011,3.6666666666666665
GAB,2011,5.340909090909091
GBR,2011,3.3000914913083257
GEO,2011,5.4186046511627906
GHA,2011,8.891737891737892
GIN,2011,2.061135371179039
GMB,2011,2.171875
GNB,2011,2.9682539682539684
GNQ,2011,3.097560975609756
GRC,2011,4.328767123287672
GRD,2011,inf
GTM,2011,3.9563318777292578
GUY,2011,3.7857142857142856
HND,2011,4.428571428571429
HRV,2011,3.1451612903225805
HTI,2011,1.4738878143133463
HUN,2011,3.7344913151364763
IDN,2011,2.911184210526316
IND,2011,1.4816304195670709
IRL,2011,4.56701030927835
IRN,2011,2.274537695590327
IRQ,2011,2.5503080082135523
ISL,2011,3.375
ISR,2011,3.8
ITA,2011,3.5816023738872405
JAM,2011,4.0
JOR,2011,2.973684210526316
JPN,2011,2.2533054975643703
KAZ,2011,4.7708082026538
KEN,2011,3.418241577649959
KGZ,2011,4.014598540145985
KHM,2011,2.578544061302682
KIR,2011,6.0
KWT,2011,4.75
LAO,2011,2.1386861313868613
LBN,2011,2.2653061224489797
LBR,2011,1.528169014084507
LBY,2011,2.173469387755102
LCA,2011,11.0
LKA,2011,3.7141041931385006
LSO,2011,4.264623955431754
LTU,2011,4.558139534883721
LUX,2011,2.2666666666666666
LVA,2011,5.818181818181818
MAR,2011,2.0095602294455066
MDA,2011,6.0
MDG,2011,2.489130434782609
MDV,2011,4.5
MEX,2011,4.310490693739425
MKD,2011,3.2758620689655173
MLI,2011,1.7625754527162978
MLT,2011,7.0
MMR,2011,3.7853535353535355
MNE,2011,3.1153846153846154
MNG,2011,4.932038834951456
MOZ,2011,4.1033182503770735
MRT,2011,1.75
MUS,2011,3.5
MWI,2011,4.149122807017544
MYS,2011,3.365994236311239
NAM,2011,5.43859649122807
NER,2011,2.1964601769911503
NGA,2011,2.980386740331492
NIC,2011,3.1724137931034484
NLD,2011,2.219679633867277
NOR,2011,2.5240963855421685
NPL,2011,5.876744186046512
NZL,2011,3.0847457627118646
OMN,2011,8.31578947368421
PAK,2011,3.0606394707828004
PAN,2011,5.7727272727272725
PER,2011,2.6666666666666665
PHL,2011,2.881594372801876
PNG,2011,3.0
POL,2011,7.495508982035928
PRT,2011,3.5638297872340425
PRY,2011,2.5714285714285716
QAT,2011,11.9
ROU,2011,5.86896551724138
RUS,2011,4.885828343313373
RWA,2011,2.501510574018127
SAU,2011,4.5519480519480515
SDN,2011,1.9623824451410659
SEN,2011,3.210126582278481
SGP,2011,1.9712230215827338
SLB,2011,13.571428571428571
SLE,2011,1.8722627737226278
SLV,2011,4.806818181818182
SOM,2011,3.2411504424778763
SRB,2011,3.0416666666666665
SSD,2011,3.0
STP,2011,3.0
SUR,2011,3.6129032258064515
SVK,2011,6.64
SVN,2011,4.241935483870968
SWE,2011,2.3196480938416424
SWZ,2011,4.142857142857143
SYC,2011,6.0
SYR,2011,4.219178082191781
TCD,2011,3.0219123505976095
TGO,2011,3.3439716312056738
THA,2011,3.7098646034816247
TJK,2011,2.3389830508474576
TKM,2011,2.9047619047619047
TLS,2011,2.4285714285714284
TON,2011,2.0
TTO,2011,3.730769230769231
TUN,2011,2.2777777777777777
TUR,2011,2.8214285714285716
TZA,2011,2.723825226710635
UGA,2011,4.980834272829763
UKR,2011,5.900398406374502
URY,2011,3.5486725663716814
USA,2011,3.416960300681231
UZB,2011,2.7551622418879056
VCT,2011,5.0
VEN,2011,7.6461538461538465
VNM,2011,2.570666666666667
VUT,2011,3.8181818181818183
WSM,2011,3.0
YEM,2011,1.7115987460815048
ZAF,2011,3.1807268007787153
ZMB,2011,3.5421133231240427
ZWE,2011,2.18397827562797
AFG,2012,1.1024811218985977
AGO,2012,4.367883211678832
ALB,2012,2.108695652173913
ARE,2012,6.616438356164384
ARG,2012,4.186813186813187
ARM,2012,2.836734693877551
ATG,2012,
AUS,2012,2.694915254237288
AUT,2012,3.8357487922705316
AZE,2012,3.9047619047619047
BDI,2012,2.6639566395663956
BEL,2012,2.7154471544715446
BEN,2012,3.3201219512195124
BFA,2012,3.6224
BGD,2012,2.716992665036675
BGR,2012,3.7925925925925927
BHR,2012,5.384615384615385
BHS,2012,5.5
BIH,2012,3.7903225806451615
BLR,2012,5.3621621621621625
BLZ,2012,7.333333333333333
BOL,2012,2.0464135021097047
BRA,2012,3.225959635931935
BRB,2012,
BRN,2012,3.0
BTN,2012,2.6
BWA,2012,4.6422018348623855
CAF,2012,3.948207171314741
CAN,2012,2.7680690399137
CHE,2012,2.4691358024691357
CHL,2012,4.468553459119497
CHN,2012,1.6513669783710472
CIV,2012,4.877808988764045
CMR,2012,3.530982905982906
COD,2012,3.898687664041995
COG,2012,2.3181818181818183
COL,2012,4.028328611898017
COM,2012,1.9090909090909092
CPV,2012,5.266666666666667
CRI,2012,5.818181818181818
CUB,2012,4.163865546218488
CYP,2012,13.0
CZE,2012,5.429906542056075
DEU,2012,2.849256900212314
DJI,2012,2.533333333333333
DNK,2012,3.0
DOM,2012,4.878787878787879
DZA,2012,1.794344473007712
ECU,2012,3.068527918781726
EGY,2012,2.124415341440599
ESP,2012,3.332792207792208
EST,2012,5.457142857142857
ETH,2012,2.6591452991452993
FIN,2012,2.990049751243781
FJI,2012,2.3703703703703702
FRA,2012,2.9619516562220234
FSM,2012,3.8333333333333335
GAB,2012,6.138888888888889
GBR,2012,3.686939182452642
GEO,2012,6.073170731707317
GHA,2012,9.138328530259367
GIN,2012,2.0961538461538463
GMB,2012,2.08955223880597
GNB,2012,3.032258064516129
GNQ,2012,3.024390243902439
GRC,2012,4.253164556962025
GRD,2012,inf
GTM,2012,3.730088495575221
GUY,2012,3.783333333333333
HND,2012,7.116279069767442
HRV,2012,3.7333333333333334
HTI,2012,1.5542168674698795
HUN,2012,3.721227621483376
IDN,2012,3.0463499420625726
IND,2012,1.5263698630136986
IRL,2012,4.2745098039215685
IRN,2012,2.461766889383816
IRQ,2012,2.615841584158416
ISL,2012,2.076923076923077
ISR,2012,4.488636363636363
ITA,2012,3.511331444759207
JAM,2012,3.6153846153846154
JOR,2012,2.975
JPN,2012,2.4059734513274336
KAZ,2012,4.8076923076923075
KEN,2012,3.44299674267101
KGZ,2012,4.223076923076923
KHM,2012,2.5283018867924527
KIR,2012,4.833333333333333
KWT,2012,4.923076923076923
LAO,2012,2.2170542635658914
LBN,2012,2.4081632653061225
LBR,2012,1.5633802816901408
LBY,2012,2.411764705882353
LCA,2012,6.5
LKA,2012,3.5649263721552877
LSO,2012,4.05
LTU,2012,4.958620689655173
LUX,2012,2.2
LVA,2012,6.185185185185185
MAR,2012,2.0
MDA,2012,4.51948051948052
MDG,2012,2.508607198748044
MDV,2012,5.0
MEX,2012,4.184534270650263
MKD,2012,2.392156862745098
MLI,2012,1.76171875
MLT,2012,6.0
MMR,2012,3.986595174262735
MNE,2012,3.0
MNG,2012,4.805825242718447
MOZ,2012,3.9978976874562018
MRT,2012,1.8243243243243243
MUS,2012,3.0344827586206895
MWI,2012,4.610837438423645
MYS,2012,3.321022727272727
NAM,2012,5.607843137254902
NER,2012,2.196308724832215
NGA,2012,2.9097661623108664
NIC,2012,2.9078947368421053
NLD,2012,2.1504237288135593
NOR,2012,2.4965034965034967
NPL,2012,5.902612826603326
NZL,2012,2.732876712328767
OMN,2012,8.38888888888889
PAK,2012,3.1210920299427567
PAN,2012,7.352941176470588
PER,2012,2.752808988764045
PHL,2012,2.9156293222683263
PNG,2012,2.955223880597015
POL,2012,7.415697674418604
PRT,2012,4.2102272727272725
PRY,2012,2.1020408163265305
QAT,2012,11.8
ROU,2012,6.4496402877697845
RUS,2012,4.879811686513431
RWA,2012,2.5714285714285716
SAU,2012,4.539393939393939
SDN,2012,1.9902755267423013
SEN,2012,3.171912832929782
SGP,2012,1.9
SLB,2012,13.857142857142858
SLE,2012,1.8964285714285714
SLV,2012,4.244186046511628
SOM,2012,3.2344086021505376
SRB,2012,3.4318181818181817
SSD,2012,3.058139534883721
STP,2012,3.0
SUR,2012,3.774193548387097
SVK,2012,7.014285714285714
SVN,2012,4.946428571428571
SWE,2012,2.3002832861189804
SWZ,2012,4.440298507462686
SYC,2012,6.0
SYR,2012,4.492957746478873
TCD,2012,2.990234375
TGO,2012,3.409893992932862
THA,2012,3.802788844621514
TJK,2012,2.256
TKM,2012,2.9292929292929295
TLS,2012,2.5
TON,2012,2.0
TTO,2012,2.75
TUN,2012,2.2752293577981653
TUR,2012,2.742857142857143
TZA,2012,2.9651272384542886
UGA,2012,5.6221928665786
UKR,2012,5.9185303514377
URY,2012,4.009090909090909
USA,2012,3.419057616048519
UZB,2012,2.543905635648755
VCT,2012,2.0
VEN,2012,5.9727891156462585
VNM,2012,2.6203801478352693
VUT,2012,4.0
WSM,2012,3.0
YEM,2012,1.6811377245508983
ZAF,2012,3.56401384083045
ZMB,2012,3.489795918367347
ZWE,2012,2.2018093249826025
AFG,2013,1.1060445387062565
AGO,2013,4.5701754385964914
ALB,2013,2.0652173913043477
ARE,2013,6.131578947368421
ARG,2013,4.348733233979136
ARM,2013,1.719298245614035
ATG,2013,
AUS,2013,2.8762214983713354
AUT,2013,3.1213389121338913
AZE,2013,4.302631578947368
BDI,2013,2.6711590296495955
BEL,2013,2.422
BEN,2013,3.3433734939759034
BFA,2013,3.611801242236025
BGD,2013,2.883720930232558
BGR,2013,4.027777777777778
BHR,2013,5.153846153846154
BHS,2013,5.0
BIH,2013,3.8524590163934427
BLR,2013,5.348837209302325
BLZ,2013,7.0
BOL,2013,2.045643153526971
BRA,2013,3.340392156862745
BRB,2013,
BRN,2013,1.3333333333333333
BTN,2013,2.3636363636363638
BWA,2013,4.622641509433962
CAF,2013,4.146938775510204
CAN,2013,2.682425488180884
CHE,2013,2.492
CHL,2013,4.366336633663367
CHN,2013,1.701266017821833
CIV,2013,4.885952712100139
CMR,2013,3.2335984095427435
COD,2013,3.993147074327886
COG,2013,2.349282296650718
COL,2013,3.8398876404494384
COM,2013,1.9090909090909092
CPV,2013,5.133333333333334
CRI,2013,6.65
CUB,2013,4.121848739495798
CYP,2013,8.666666666666666
CZE,2013,4.5850622406639
DEU,2013,2.957627118644068
DJI,2013,2.5161290322580645
DNK,2013,2.7279411764705883
DOM,2013,4.895238095238096
DZA,2013,1.7455919395465995
ECU,2013,3.074468085106383
EGY,2013,2.309145129224652
ESP,2013,2.9700272479564034
EST,2013,5.354838709677419
ETH,2013,2.749356854097758
FIN,2013,2.8262910798122065
FJI,2013,2.5
FRA,2013,2.941678520625889
FSM,2013,3.8333333333333335
GAB,2013,6.222222222222222
GBR,2013,3.7562380038387717
GEO,2013,5.911111111111111
GHA,2013,9.374269005847953
GIN,2013,2.1063394683026586
GMB,2013,2.0579710144927534
GNB,2013,3.015625
GNQ,2013,2.825
GRC,2013,3.865168539325843
GRD,2013,inf
GTM,2013,3.630630630630631
GUY,2013,3.8
HND,2013,6.9772727272727275
HRV,2013,3.981132075471698
HTI,2013,1.5757575757575757
HUN,2013,3.458791208791209
IDN,2013,3.2025862068965516
IND,2013,1.504732709476175
IRL,2013,3.87
IRN,2013,2.539274924471299
IRQ,2013,2.8031496062992125
ISL,2013,3.0
ISR,2013,3.2142857142857144
ITA,2013,3.2899328859060404
JAM,2013,3.4615384615384617
JOR,2013,3.1842105263157894
JPN,2013,2.4055582485054128
KAZ,2013,4.752212389380531
KEN,2013,3.271822358346095
KGZ,2013,4.354838709677419
KHM,2013,2.545801526717557
KIR,2013,5.0
KWT,2013,5.833333333333333
LAO,2013,2.2734375
LBN,2013,2.358490566037736
LBR,2013,1.5347222222222223
LBY,2013,2.1354166666666665
LCA,2013,12.0
LKA,2013,3.425561797752809
LSO,2013,4.080786026200873
LTU,2013,4.653409090909091
LUX,2013,2.4285714285714284
LVA,2013,5.816326530612245
MAR,2013,1.8372093023255813
MDA,2013,5.268656716417911
MDG,2013,2.4901065449010655
MDV,2013,5.0
MEX,2013,4.261120263591433
MKD,2013,4.419354838709677
MLI,2013,1.736448598130841
MLT,2013,3.3333333333333335
MMR,2013,3.922872340425532
MNE,2013,3.0
MNG,2013,4.8431372549019605
MOZ,2013,4.148571428571429
MRT,2013,1.864864864864865
MUS,2013,4.444444444444445
MWI,2013,5.059459459459459
MYS,2013,3.2332361516034984
NAM,2013,5.163636363636364
NER,2013,2.231017770597738
NGA,2013,2.8596491228070176
NIC,2013,3.9594594594594597
NLD,2013,2.365750528541226
NOR,2013,2.0290697674418605
NPL,2013,5.618266978922716
NZL,2013,2.3506493506493507
OMN,2013,9.222222222222221
PAK,2013,3.119396551724138
PAN,2013,9.615384615384615
PER,2013,2.7992125984251968
PHL,2013,2.9782608695652173
PNG,2013,2.712328767123288
POL,2013,6.849862258953168
PRT,2013,3.313131313131313
PRY,2013,2.8488372093023258
QAT,2013,11.4
ROU,2013,5.857142857142857
RUS,2013,4.93421803652968
RWA,2013,2.6178343949044587
SAU,2013,4.693251533742331
SDN,2013,2.018987341772152
SEN,2013,3.1388235294117646
SGP,2013,2.627906976744186
SLB,2013,14.0
SLE,2013,1.8840579710144927
SLV,2013,4.776315789473684
SOM,2013,3.165289256198347
SRB,2013,3.3333333333333335
SSD,2013,3.0292397660818713
STP,2013,3.0
SUR,2013,3.65625
SVK,2013,6.569444444444445
SVN,2013,4.87719298245614
SWE,2013,2.2056555269922877
SWZ,2013,4.7899159663865545
SYC,2013,6.0
SYR,2013,4.051282051282051
TCD,2013,2.9139579349904396
TGO,2013,3.464788732394366
THA,2013,3.828723404255319
TJK,2013,2.2265625
TKM,2013,2.792452830188679
TLS,2013,2.5714285714285716
TON,2013,2.0
TTO,2013,3.4838709677419355
TUN,2013,2.227272727272727
TUR,2013,2.8228941684665227
TZA,2013,3.3676470588235294
UGA,2013,5.830747531734838
UKR,2013,5.67949725058916
URY,2013,3.458715596330275
USA,2013,3.3416382252559726
UZB,2013,2.525161290322581
VCT,2013,4.0
VEN,2013,5.566666666666666
VNM,2013,2.622582331416623
VUT,2013,3.75
WSM,2013,2.857142857142857
YEM,2013,1.6953937592867756
ZAF,2013,3.8710714285714287
ZMB,2013,3.453978159126365
ZWE,2013,1.9758551307847083
AFG,2014,1.0908141962421711
AGO,2014,4.603975535168196
ALB,2014,2.2195121951219514
ARE,2014,5.945945945945946
ARG,2014,3.8753086419753084
ARM,2014,2.066666666666667
ATG,2014,
AUS,2014,2.9136163982430454
AUT,2014,3.240816326530612
AZE,2014,4.181818181818182
BDI,2014,2.6494565217391304
BEL,2014,2.3804780876494025
BEN,2014,3.3541666666666665
BFA,2014,3.609302325581395
BGD,2014,3.201312910284464
BGR,2014,3.8055555555555554
BHR,2014,5.538461538461538
BHS,2014,5.0
BIH,2014,3.693548387096774
BLR,2014,5.4858934169279
BLZ,2014,7.0
BOL,2014,2.110204081632653
BRA,2014,3.517004048582996
BRB,2014,inf
BRN,2014,1.3333333333333333
BTN,2014,2.4545454545454546
BWA,2014,3.7672413793103448
CAF,2014,4.538461538461538
CAN,2014,2.650853889943074
CHE,2014,2.318548387096774
CHL,2014,4.4865771812080535
CHN,2014,1.7540101194961784
CIV,2014,5.058651026392962
CMR,2014,3.1981981981981984
COD,2014,3.919428862825089
COG,2014,2.3267326732673266
COL,2014,4.259701492537314
COM,2014,1.9565217391304348
CPV,2014,5.0
CRI,2014,5.023255813953488
CUB,2014,3.903765690376569
CYP,2014,2.6666666666666665
CZE,2014,4.360869565217391
DEU,2014,3.0496492174851593
DJI,2014,2.5
DNK,2014,2.9160305343511452
DOM,2014,4.829059829059829
DZA,2014,1.787012987012987
ECU,2014,3.011173184357542
EGY,2014,2.2653061224489797
ESP,2014,2.8703703703703702
EST,2014,4.888888888888889
ETH,2014,2.724342349018155
FIN,2014,2.989247311827957
FJI,2014,2.423076923076923
FRA,2014,2.919917864476386
FSM,2014,3.2857142857142856
GAB,2014,5.7555555555555555
GBR,2014,3.3016564952048824
GEO,2014,5.392156862745098
GHA,2014,9.90092879256966
GIN,2014,2.1635610766045548
GMB,2014,2.085714285714286
GNB,2014,2.953125
GNQ,2014,2.688888888888889
GRC,2014,3.702127659574468
GRD,2014,
GTM,2014,3.4646017699115044
GUY,2014,4.865384615384615
HND,2014,7.2444444444444445
HRV,2014,3.0454545454545454
HTI,2014,1.591549295774648
HUN,2014,3.5950920245398774
IDN,2014,3.1227217496962334
IND,2014,1.5053295194182357
IRL,2014,4.48314606741573
IRN,2014,2.7300079176563736
IRQ,2014,2.7906066536203524
ISL,2014,2.6153846153846154
ISR,2014,3.389473684210526
ITA,2014,3.095744680851064
JAM,2014,3.5714285714285716
JOR,2014,3.175
JPN,2014,2.3527524484971294
KAZ,2014,4.658311345646438
KEN,2014,3.22892498066512
KGZ,2014,4.2384615384615385
KHM,2014,2.5387596899224807
KIR,2014,5.0
KWT,2014,6.083333333333333
LAO,2014,2.2936507936507935
LBN,2014,2.3207547169811322
LBR,2014,1.4733333333333334
LBY,2014,2.87
LCA,2014,6.5
LKA,2014,3.9361313868613137
LSO,2014,4.060165975103734
LTU,2014,5.576923076923077
LUX,2014,1.7142857142857142
LVA,2014,5.053571428571429
MAR,2014,1.8200620475698035
MDA,2014,6.293103448275862
MDG,2014,2.49406528189911
MDV,2014,5.5
MEX,2014,3.954738330975955
MKD,2014,3.2432432432432434
MLI,2014,1.7490774907749078
MLT,2014,4.4
MMR,2014,4.153409090909091
MNE,2014,2.9615384615384617
MNG,2014,4.989690721649485
MOZ,2014,4.5950871632329635
MRT,2014,1.8181818181818181
MUS,2014,3.96
MWI,2014,5.335211267605634
MYS,2014,3.4051724137931036
NAM,2014,4.097222222222222
NER,2014,2.234836702954899
NGA,2014,2.8258190982917952
NIC,2014,3.5942028985507246
NLD,2014,2.12375249500998
NOR,2014,2.6785714285714284
NPL,2014,5.37962962962963
NZL,2014,2.9344262295081966
OMN,2014,9.157894736842104
PAK,2014,3.1183794049377505
PAN,2014,6.714285714285714
PER,2014,2.78099173553719
PHL,2014,3.632721202003339
PNG,2014,2.7564102564102564
POL,2014,6.553103448275862
PRT,2014,3.0497925311203318
PRY,2014,2.186991869918699
QAT,2014,10.181818181818182
ROU,2014,6.595744680851064
RUS,2014,4.980495444191344
RWA,2014,2.6677215189873418
SAU,2014,4.91588785046729
SDN,2014,1.9629057187017
SEN,2014,3.1744186046511627
SGP,2014,2.888888888888889
SLB,2014,12.5
SLE,2014,1.9291044776119404
SLV,2014,3.4367816091954024
SOM,2014,3.146586345381526
SRB,2014,3.375
SSD,2014,2.8850574712643677
STP,2014,3.0
SUR,2014,3.59375
SVK,2014,6.17948717948718
SVN,2014,5.622222222222222
SWE,2014,2.0992167101827675
SWZ,2014,5.591397849462366
SYC,2014,6.0
SYR,2014,4.202702702702703
TCD,2014,2.923076923076923
TGO,2014,3.482394366197183
THA,2014,4.19010989010989
TJK,2014,2.162962962962963
TKM,2014,3.051546391752577
TLS,2014,2.642857142857143
TON,2014,2.0
TTO,2014,3.5
TUN,2014,2.2735849056603774
TUR,2014,2.607843137254902
TZA,2014,3.387612387612388
UGA,2014,5.481792717086835
UKR,2014,6.10077519379845
URY,2014,3.3983739837398375
USA,2014,3.2381360471344403
UZB,2014,2.5180572851805727
VCT,2014,inf
VEN,2014,5.6415094339622645
VNM,2014,2.609398686205154
VUT,2014,3.75
WSM,2014,3.0
YEM,2014,1.7597597597597598
ZAF,2014,3.8896309314586994
ZMB,2014,3.7398373983739837
ZWE,2014,1.9454787234042554
AFG,2015,1.1123711340206186
AGO,2015,4.354659248956884
ALB,2015,2.1
ARE,2015,5.554054054054054
ARG,2015,4.007062146892656
ARM,2015,2.625
ATG,2015,
AUS,2015,2.9302649930264995
AUT,2015,3.180672268907563
AZE,2015,4.064102564102564
BDI,2015,2.6950549450549453
BEL,2015,2.4096638655462184
BEN,2015,3.3323529411764707
BFA,2015,3.621374045801527
BGD,2015,3.0843547224224945
BGR,2015,3.766990291262136
BHR,2015,5.6923076923076925
BHS,2015,5.5
BIH,2015,3.634920634920635
BLR,2015,5.317725752508361
BLZ,2015,7.333333333333333
BOL,2015,2.1726907630522088
BRA,2015,3.3193775472397182
BRB,2015,inf
BRN,2015,6.0
BTN,2015,2.3636363636363638
BWA,2015,3.8230088495575223
CAF,2015,4.2923728813559325
CAN,2015,2.687962962962963
CHE,2015,2.4820717131474104
CHL,2015,3.6769662921348316
CHN,2015,1.7928488585895732
CIV,2015,5.07957957957958
CMR,2015,3.246900826446281
COD,2015,3.9794766546947153
COG,2015,2.4754098360655736
COL,2015,3.4724770642201834
COM,2015,1.9166666666666667
CPV,2015,5.066666666666666
CRI,2015,4.90566037735849
CUB,2015,4.111111111111111
CYP,2015,3.8
CZE,2015,4.339712918660287
DEU,2015,2.780112762685802
DJI,2015,2.4375
DNK,2015,2.2785714285714285
DOM,2015,4.813008130081301
DZA,2015,1.7353689567430026
ECU,2015,3.2705882352941176
EGY,2015,2.17228805834093
ESP,2015,2.825072886297376
EST,2015,5.481481481481482
ETH,2015,2.70861882437793
FIN,2015,3.4
FJI,2015,2.3461538461538463
FRA,2015,3.2106710671067105
FSM,2015,3.4285714285714284
GAB,2015,5.717391304347826
GBR,2015,3.15139116202946
GEO,2015,5.549019607843137
GHA,2015,10.602649006622517
GIN,2015,2.0988142292490117
GMB,2015,2.085714285714286
GNB,2015,2.765625
GNQ,2015,2.5576923076923075
GRC,2015,3.9036144578313254
GRD,2015,
GTM,2015,3.475982532751092
GUY,2015,4.0
HND,2015,7.56
HRV,2015,3.0866141732283463
HTI,2015,1.6389452332657202
HUN,2015,3.3422619047619047
IDN,2015,3.2975958414554905
IND,2015,1.4441993382131755
IRL,2015,3.647727272727273
IRN,2015,2.908485856905158
IRQ,2015,2.8568627450980393
ISL,2015,3.888888888888889
ISR,2015,3.7375
ITA,2015,3.255813953488372
JAM,2015,3.2666666666666666
JOR,2015,3.1951219512195124
JPN,2015,2.4345357993041565
KAZ,2015,4.669811320754717
KEN,2015,3.240407204385278
KGZ,2015,4.23015873015873
KHM,2015,2.622047244094488
KIR,2015,5.0
KWT,2015,7.181818181818182
LAO,2015,2.403225806451613
LBN,2015,2.4
LBR,2015,1.4714285714285715
LBY,2015,2.5816326530612246
LCA,2015,13.0
LKA,2015,3.3324175824175826
LSO,2015,4.029106029106029
LTU,2015,4.9784172661870505
LUX,2015,2.0555555555555554
LVA,2015,4.677966101694915
MAR,2015,1.8705501618122977
MDA,2015,4.739130434782608
MDG,2015,2.465491923641703
MDV,2015,6.0
MEX,2015,3.8289106145251397
MKD,2015,3.189189189189189
MLI,2015,1.7304189435336976
MLT,2015,3.8333333333333335
MMR,2015,4.076056338028169
MNE,2015,2.9615384615384617
MNG,2015,5.01010101010101
MOZ,2015,4.580772261623325
MRT,2015,1.8227848101265822
MUS,2015,2.9583333333333335
MWI,2015,5.408963585434174
MYS,2015,3.497159090909091
NAM,2015,3.7261904761904763
NER,2015,2.209726443768997
NGA,2015,2.7950796757058987
NIC,2015,3.1594202898550723
NLD,2015,2.091976516634051
NOR,2015,1.9836065573770492
NPL,2015,5.280182232346242
NZL,2015,2.56551724137931
OMN,2015,9.947368421052632
PAK,2015,3.2028252161079487
PAN,2015,4.454545454545454
PER,2015,2.765217391304348
PHL,2015,3.353566009104704
PNG,2015,2.7721518987341773
POL,2015,6.698142414860681
PRT,2015,2.3396946564885495
PRY,2015,2.723809523809524
QAT,2015,10.272727272727273
ROU,2015,6.074803149606299
RUS,2015,4.747988505747126
RWA,2015,2.669811320754717
SAU,2015,4.866666666666666
SDN,2015,1.9937791601866253
SEN,2015,3.2552693208430914
SGP,2015,2.196969696969697
SLB,2015,14.571428571428571
SLE,2015,1.894736842105263
SLV,2015,5.314285714285714
SOM,2015,3.1623762376237625
SRB,2015,3.1527093596059115
SSD,2015,2.9661016949152543
STP,2015,3.0
SUR,2015,3.515151515151515
SVK,2015,6.513888888888889
SVN,2015,4.065573770491803
SWE,2015,2.345549738219895
SWZ,2015,7.220588235294118
SYC,2015,7.0
SYR,2015,4.084507042253521
TCD,2015,2.9069767441860463
TGO,2015,3.4225352112676055
THA,2015,4.620022753128556
TJK,2015,2.1338028169014085
TKM,2015,2.8541666666666665
TLS,2015,2.7857142857142856
TON,2015,2.0
TTO,2015,3.4
TUN,2015,2.2242990654205608
TUR,2015,2.5366795366795367
TZA,2015,3.4741550695825048
UGA,2015,5.121212121212121
UKR,2015,5.798149705634987
URY,2015,3.864406779661017
USA,2015,3.1927588996763756
UZB,2015,2.42688679245283
VCT,2015,inf
VEN,2015,5.066115702479339
VNM,2015,2.6741803278688523
VUT,2015,3.8333333333333335
WSM,2015,3.142857142857143
YEM,2015,1.7686453576864536
ZAF,2015,3.8985258827562563
ZMB,2015,4.135087719298245
ZWE,2015,2.2386772106398274
AFG,2016,1.131394182547643
AGO,2016,4.185733512786003
ALB,2016,2.210526315789474
ARE,2016,5.287671232876712
ARG,2016,4.1688311688311686
ARM,2016,4.3076923076923075
ATG,2016,
AUS,2016,2.888235294117647
AUT,2016,2.8818897637795278
AZE,2016,4.328767123287672
BDI,2016,2.7753424657534245
BEL,2016,2.474437627811861
BEN,2016,3.36734693877551
BFA,2016,3.6595419847328245
BGD,2016,3.3230188679245285
BGR,2016,3.5
BHR,2016,6.583333333333333
BHS,2016,5.5
BIH,2016,3.65
BLR,2016,5.147540983606557
BLZ,2016,7.333333333333333
BOL,2016,2.2131782945736433
BRA,2016,3.526355996944232
BRB,2016,inf
BRN,2016,9.0
BTN,2016,2.3636363636363638
BWA,2016,3.8055555555555554
CAF,2016,4.495454545454545
CAN,2016,2.7372627372627374
CHE,2016,2.538793103448276
CHL,2016,4.557377049180328
CHN,2016,1.8623209587839813
CIV,2016,5.165123456790123
CMR,2016,3.3372093023255816
COD,2016,4.001519756838905
COG,2016,2.610169491525424
COL,2016,4.147582697201018
COM,2016,1.9583333333333333
CPV,2016,5.0
CRI,2016,5.62962962962963
CUB,2016,4.179723502304148
CYP,2016,7.0
CZE,2016,3.9909090909090907
DEU,2016,3.0439377085650725
DJI,2016,2.4545454545454546
DNK,2016,2.7401574803149606
DOM,2016,4.704
DZA,2016,1.7742782152230971
ECU,2016,3.26271186440678
EGY,2016,2.2216014897579144
ESP,2016,2.889894419306184
EST,2016,3.8529411764705883
ETH,2016,2.774134790528233
FIN,2016,3.2470588235294118
FJI,2016,2.3846153846153846
FRA,2016,3.1761627906976746
FSM,2016,3.4285714285714284
GAB,2016,6.116279069767442
GBR,2016,3.2800687285223367
GEO,2016,5.7254901960784315
GHA,2016,10.857627118644068
GIN,2016,2.085769980506823
GMB,2016,2.0714285714285716
GNB,2016,2.8153846153846156
GNQ,2016,2.6346153846153846
GRC,2016,4.253521126760563
GRD,2016,inf
GTM,2016,3.462222222222222
GUY,2016,3.967741935483871
HND,2016,4.521739130434782
HRV,2016,3.490740740740741
HTI,2016,1.6903765690376569
HUN,2016,3.254777070063694
IDN,2016,3.3818998716302953
IND,2016,1.4438037828157078
IRL,2016,4.022471910112359
IRN,2016,3.0059372349448688
IRQ,2016,2.921104536489152
ISL,2016,4.857142857142857
ISR,2016,4.341463414634147
ITA,2016,3.42495784148398
JAM,2016,3.2666666666666666
JOR,2016,3.2142857142857144
JPN,2016,2.443911217756449
KAZ,2016,4.542068965517242
KEN,2016,3.3962722852512157
KGZ,2016,3.83739837398374
KHM,2016,2.624031007751938
KIR,2016,5.0
KWT,2016,7.636363636363637
LAO,2016,2.4552845528455283
LBN,2016,2.3157894736842106
LBR,2016,1.471830985915493
LBY,2016,2.3645833333333335
LCA,2016,11.0
LKA,2016,3.2479338842975207
LSO,2016,4.160633484162896
LTU,2016,6.303921568627451
LUX,2016,2.3846153846153846
LVA,2016,4.689655172413793
MAR,2016,1.907079646017699
MDA,2016,5.666666666666667
MDG,2016,2.497084548104956
MDV,2016,14.0
MEX,2016,4.285714285714286
MKD,2016,3.1621621621621623
MLI,2016,1.7554744525547445
MLT,2016,3.6
MMR,2016,4.415151515151515
MNE,2016,3.08
MNG,2016,5.288659793814433
MOZ,2016,4.699519230769231
MRT,2016,1.8271604938271604
MUS,2016,4.705882352941177
MWI,2016,5.538681948424069
MYS,2016,3.627450980392157
NAM,2016,4.0
NER,2016,2.2005943536404162
NGA,2016,2.815590947191953
NIC,2016,4.481481481481482
NLD,2016,2.1465346534653467
NOR,2016,2.042105263157895
NPL,2016,5.1370786516853935
NZL,2016,2.7708333333333335
OMN,2016,10.61111111111111
PAK,2016,3.22424117282676
PAN,2016,5.75
PER,2016,2.81651376146789
PHL,2016,3.2686567164179103
PNG,2016,2.765432098765432
POL,2016,7.145833333333333
PRT,2016,3.425287356321839
PRY,2016,2.948453608247423
QAT,2016,9.75
ROU,2016,5.600858369098712
RUS,2016,4.732789317507418
RWA,2016,2.746031746031746
SAU,2016,5.143790849673203
SDN,2016,1.9361702127659575
SEN,2016,3.3120567375886525
SGP,2016,1.9640287769784173
SLB,2016,13.0
SLE,2016,1.818815331010453
SLV,2016,4.121621621621622
SOM,2016,3.1640625
SRB,2016,3.053475935828877
SSD,2016,3.0279329608938546
STP,2016,3.0
SUR,2016,3.484848484848485
SVK,2016,6.328767123287672
SVN,2016,4.566037735849057
SWE,2016,2.228494623655914
SWZ,2016,9.211538461538462
SYC,2016,7.0
SYR,2016,4.327868852459017
TCD,2016,2.88
TGO,2016,3.514705882352941
THA,2016,4.955832389580974
TJK,2016,2.032258064516129
TKM,2016,3.0869565217391304
TLS,2016,2.857142857142857
TON,2016,1.5
TTO,2016,3.413793103448276
TUN,2016,2.2815533980582523
TUR,2016,2.537001897533207
TZA,2016,3.4129821260583255
UGA,2016,4.956575682382134
UKR,2016,5.941021126760563
URY,2016,3.4081632653061225
USA,2016,3.294729677168417
UZB,2016,2.36518771331058
VCT,2016,
VEN,2016,4.816666666666666
VNM,2016,2.652129817444219
VUT,2016,3.9166666666666665
WSM,2016,2.75
YEM,2016,1.7933042212518195
ZAF,2016,3.803344481605351
ZMB,2016,4.254512635379061
ZWE,2016,2.28110599078341
AFG,2017,1.211340206185567
AGO,2017,4.196476964769648
ALB,2017,2.3714285714285714
ARE,2017,5.013333333333334
ARG,2017,3.777367773677737
ARM,2017,4.642857142857143
ATG,2017,
AUS,2017,2.9753086419753085
AUT,2017,3.6699029126213594
AZE,2017,4.3108108108108105
BDI,2017,2.8916666666666666
BEL,2017,2.3528225806451615
BEN,2017,3.31728045325779
BFA,2017,3.7550387596899224
BGD,2017,3.655828707375099
BGR,2017,3.7058823529411766
BHR,2017,6.6923076923076925
BHS,2017,5.5
BIH,2017,3.5833333333333335
BLR,2017,5.16955017301038
BLZ,2017,8.666666666666666
BOL,2017,2.239043824701195
BRA,2017,3.42272573554278
BRB,2017,inf
BRN,2017,6.0
BTN,2017,2.4545454545454546
BWA,2017,3.9047619047619047
CAF,2017,4.5874439461883405
CAN,2017,2.98689138576779
CHE,2017,2.492063492063492
CHL,2017,4.565836298932385
CHN,2017,1.877575218615681
CIV,2017,5.259141494435612
CMR,2017,3.379014989293362
COD,2017,4.083541770885443
COG,2017,2.6551724137931036
COL,2017,3.953229398663697
COM,2017,1.9583333333333333
CPV,2017,5.357142857142857
CRI,2017,4.314814814814815
CUB,2017,3.816733067729084
CYP,2017,6.8
CZE,2017,3.9173553719008263
DEU,2017,3.214067278287462
DJI,2017,2.4705882352941178
DNK,2017,2.4532374100719423
DOM,2017,4.5344827586206895
DZA,2017,1.7197943444730077
ECU,2017,3.460227272727273
EGY,2017,2.181904761904762
ESP,2017,2.794943820224719
EST,2017,3.522727272727273
ETH,2017,2.7371408300815894
FIN,2017,2.517857142857143
FJI,2017,2.3461538461538463
FRA,2017,3.124186871673566
FSM,2017,3.5714285714285716
GAB,2017,6.142857142857143
GBR,2017,3.089666951323655
GEO,2017,5.822222222222222
GHA,2017,11.003484320557492
GIN,2017,2.0519230769230767
GMB,2017,2.1285714285714286
GNB,2017,2.8333333333333335
GNQ,2017,2.6041666666666665
GRC,2017,3.926829268292683
GRD,2017,
GTM,2017,3.51131221719457
GUY,2017,3.9365079365079363
HND,2017,4.617021276595745
HRV,2017,3.2429906542056073
HTI,2017,1.7705627705627707
HUN,2017,3.610294117647059
IDN,2017,3.3804692454026632
IND,2017,1.4468224312653573
IRL,2017,3.966666666666667
IRN,2017,2.9347826086956523
IRQ,2017,2.9580838323353293
ISL,2017,9.0
ISR,2017,3.3465346534653464
ITA,2017,3.3065693430656933
JAM,2017,3.4
JOR,2017,3.2325581395348837
JPN,2017,2.43761412051126
KAZ,2017,4.412413793103449
KEN,2017,3.473892405063291
KGZ,2017,3.8907563025210083
KHM,2017,2.645669291338583
KIR,2017,5.166666666666667
KWT,2017,7.909090909090909
LAO,2017,2.488
LBN,2017,2.5344827586206895
LBR,2017,1.4620689655172414
LBY,2017,2.4615384615384617
LCA,2017,11.0
LKA,2017,3.2103786816269286
LSO,2017,4.4447368421052635
LTU,2017,4.357723577235772
LUX,2017,2.4615384615384617
LVA,2017,4.637931034482759
MAR,2017,1.9275362318840579
MDA,2017,6.425531914893617
MDG,2017,2.4595744680851066
MDV,2017,7.0
MEX,2017,4.511575802837939
MKD,2017,3.2222222222222223
MLI,2017,1.8152985074626866
MLT,2017,3.6
MMR,2017,4.108433734939759
MNE,2017,3.12
MNG,2017,5.326315789473684
MOZ,2017,4.695823483057525
MRT,2017,1.9135802469135803
MUS,2017,3.4444444444444446
MWI,2017,5.592375366568915
MYS,2017,3.790633608815427
NAM,2017,4.833333333333333
NER,2017,2.2223837209302326
NGA,2017,2.7375442417642253
NIC,2017,3.5588235294117645
NLD,2017,2.1802325581395348
NOR,2017,2.1560693641618496
NPL,2017,5.084070796460177
NZL,2017,2.7987012987012987
OMN,2017,10.526315789473685
PAK,2017,3.2022244691607686
PAN,2017,6.388888888888889
PER,2017,2.8828828828828827
PHL,2017,3.1882352941176473
PNG,2017,2.7848101265822787
POL,2017,6.869318181818182
PRT,2017,2.849056603773585
PRY,2017,2.6695652173913045
QAT,2017,10.454545454545455
ROU,2017,5.127490039840637
RUS,2017,4.672630560928433
RWA,2017,2.7854889589905363
SAU,2017,5.239057239057239
SDN,2017,1.9362017804154303
SEN,2017,3.339578454332553
SGP,2017,2.051470588235294
SLB,2017,13.375
SLE,2017,1.8114478114478114
SLV,2017,4.44
SOM,2017,3.174573055028463
SRB,2017,0.7142857142857143
SSD,2017,3.0
STP,2017,3.0
SUR,2017,3.515151515151515
SVK,2017,6.232876712328767
SVN,2017,4.4363636363636365
SWE,2017,2.2091836734693877
SWZ,2017,11.45
SYC,2017,7.0
SYR,2017,4.044117647058823
TCD,2017,2.8524590163934427
TGO,2017,3.694980694980695
THA,2017,5.076380728554642
TJK,2017,2.064935064935065
TKM,2017,3.090909090909091
TLS,2017,2.9285714285714284
TON,2017,1.5
TTO,2017,3.310344827586207
TUN,2017,2.3461538461538463
TUR,2017,2.751012145748988
TZA,2017,3.428303655107779
UGA,2017,5.189907038512616
UKR,2017,5.999076638965835
URY,2017,3.8421052631578947
USA,2017,3.3898098716868033
UZB,2017,2.4006968641114983
VCT,2017,
VEN,2017,4.773109243697479
VNM,2017,2.6308387744851833
VUT,2017,4.083333333333333
WSM,2017,3.0
YEM,2017,1.7329545454545454
ZAF,2017,3.98890756302521
ZMB,2017,4.320284697508897
ZWE,2017,2.5013404825737267
